Time,Discharge(m^3 s^-1),Observed(m^3 s^-1),Precip(mm h^-1),PET(mm h^-1),SM(%),Fast Flow(mm*1000),Slow Flow(mm*1000)
2017-08-25 00:02,0.52,nan,98.11,0.03,4.99,7.0472,0.0328
2017-08-25 00:04,0.45,nan,98.11,0.03,9.72,7.9739,0.0965
2017-08-25 00:06,0.81,nan,98.11,0.03,14.03,8.8585,0.1570
2017-08-25 00:08,1.08,nan,98.11,0.03,17.97,9.5391,0.2117
2017-08-25 00:10,1.71,nan,98.11,0.03,22.23,10.3253,0.2645
2017-08-25 00:12,1.82,nan,98.11,0.03,25.94,11.1015,0.3173
2017-08-25 00:14,1.18,nan,98.11,0.03,28.98,11.7713,0.3676
2017-08-25 00:16,1.76,nan,98.11,0.03,32.30,12.2206,0.4092
2017-08-25 00:18,2.94,nan,98.11,0.03,35.05,13.0448,0.4537
2017-08-25 00:20,3.37,nan,98.11,0.03,38.00,13.7853,0.4932
2017-08-25 00:22,3.19,nan,98.11,0.03,41.14,14.2300,0.5301
2017-08-25 00:24,2.53,nan,98.11,0.03,43.29,14.6787,0.5621
2017-08-25 00:26,2.53,nan,98.11,0.03,45.23,14.9867,0.6030
2017-08-25 00:28,3.42,nan,98.11,0.03,47.58,15.3630,0.6346
2017-08-25 00:30,3.95,nan,98.11,0.03,49.78,15.7434,0.6633
2017-08-25 00:32,3.93,nan,98.11,0.03,51.75,16.5359,0.6918
2017-08-25 00:34,3.45,nan,98.11,0.03,53.30,16.8934,0.7172
2017-08-25 00:36,2.53,nan,98.11,0.03,55.22,17.2717,0.7448
2017-08-25 00:38,3.20,nan,98.11,0.03,57.21,17.6299,0.7678
2017-08-25 00:40,3.19,nan,98.11,0.03,58.49,17.8756,0.7878
2017-08-25 00:42,4.17,nan,98.11,0.03,59.69,18.0595,0.8092
2017-08-25 00:44,4.35,nan,98.11,0.03,61.56,18.2360,0.8267
2017-08-25 00:46,4.37,nan,98.11,0.03,62.75,18.4449,0.8540
2017-08-25 00:48,4.94,nan,98.11,0.03,63.93,18.5863,0.8708
2017-08-25 00:50,5.54,nan,98.11,0.03,65.03,18.7125,0.8852
2017-08-25 00:52,5.17,nan,98.11,0.03,65.94,19.0321,0.9011
2017-08-25 00:54,4.36,nan,98.11,0.03,66.87,19.6481,0.9140
2017-08-25 00:56,4.20,nan,98.11,0.03,67.79,19.8290,0.9260
2017-08-25 00:58,4.95,nan,98.11,0.03,68.52,20.0132,0.9386
2017-08-25 01:00,4.21,nan,98.11,0.03,69.23,20.2242,0.9522
2017-08-25 01:02,5.12,nan,98.11,0.03,70.00,20.5287,0.9648
2017-08-25 01:04,6.16,nan,98.11,0.03,72.20,20.6997,0.9752
2017-08-25 01:06,6.13,nan,98.11,0.03,72.99,20.8364,0.9838
2017-08-25 01:08,5.95,nan,98.11,0.03,73.76,20.9821,0.9924
2017-08-25 01:10,5.70,nan,98.11,0.03,74.43,21.1175,1.0119
2017-08-25 01:12,5.11,nan,98.11,0.03,75.16,21.2227,1.0205
2017-08-25 01:14,5.07,nan,98.11,0.03,75.82,21.3411,1.0294
2017-08-25 01:16,6.13,nan,98.11,0.03,76.37,21.4436,1.0382
2017-08-25 01:18,6.19,nan,98.11,0.03,76.97,21.5325,1.0458
2017-08-25 01:20,5.41,nan,98.11,0.03,77.49,21.6266,1.0534
2017-08-25 01:22,5.48,nan,98.11,0.03,77.97,21.7938,1.0603
2017-08-25 01:24,5.35,nan,98.11,0.03,78.45,22.0288,1.0664
2017-08-25 01:26,5.22,nan,98.11,0.03,79.38,22.1096,1.0725
2017-08-25 01:28,5.20,nan,98.11,0.03,79.76,22.1948,1.0800
2017-08-25 01:30,5.72,nan,98.11,0.03,80.12,22.2749,1.0860
2017-08-25 01:32,4.82,nan,98.11,0.03,80.42,22.3473,1.0915
2017-08-25 01:34,5.88,nan,98.11,0.03,80.75,22.4436,1.0969
2017-08-25 01:36,4.97,nan,98.11,0.03,81.07,22.5260,1.1044
2017-08-25 01:38,5.19,nan,98.11,0.03,81.41,22.6722,1.1120
2017-08-25 01:40,4.91,nan,98.11,0.03,81.74,22.7928,1.1276
2017-08-25 01:42,5.36,nan,98.11,0.03,82.17,22.9134,1.1328
2017-08-25 01:44,4.98,nan,98.11,0.03,82.41,22.9707,1.1381
2017-08-25 01:46,5.18,nan,98.11,0.03,82.64,23.0326,1.1424
2017-08-25 01:48,5.35,nan,98.11,0.03,82.91,23.0934,1.1471
2017-08-25 01:50,6.04,nan,98.11,0.03,83.42,23.1447,1.1505
2017-08-25 01:52,7.58,nan,98.11,0.03,84.20,23.2001,1.1549
2017-08-25 01:54,7.70,nan,98.11,0.03,84.45,23.2471,1.1584
2017-08-25 01:56,7.80,nan,98.11,0.03,84.70,23.3031,1.1622
2017-08-25 01:58,9.40,nan,98.11,0.03,84.91,23.3523,1.1654
2017-08-25 02:00,10.14,nan,98.11,0.03,85.15,23.4108,1.1701
2017-08-25 02:02,11.27,nan,0.00,0.03,85.15,0.0000,0.0000
2017-08-25 02:04,12.44,nan,0.00,0.03,85.14,0.0000,0.0000
2017-08-25 02:06,14.36,nan,0.00,0.03,85.14,0.0000,0.0000
2017-08-25 02:08,15.19,nan,0.00,0.03,85.13,0.0000,0.0000
2017-08-25 02:10,16.01,nan,0.00,0.03,85.12,0.0000,0.0000
2017-08-25 02:12,17.43,nan,0.00,0.03,85.12,0.0000,0.0000
2017-08-25 02:14,18.27,nan,0.00,0.03,85.11,0.0000,0.0000
2017-08-25 02:16,19.91,nan,0.00,0.03,85.11,0.0000,0.0000
2017-08-25 02:18,21.28,nan,0.00,0.03,85.10,0.0000,0.0000
2017-08-25 02:20,22.67,nan,0.00,0.03,85.10,0.0000,0.0000
2017-08-25 02:22,24.24,nan,0.00,0.03,85.10,0.0000,0.0000
2017-08-25 02:24,25.99,nan,0.00,0.03,85.10,0.0000,0.0000
2017-08-25 02:26,27.64,nan,0.00,0.03,85.10,0.0000,0.0000
2017-08-25 02:28,28.83,nan,0.00,0.03,85.10,0.0000,0.0000
2017-08-25 02:30,30.25,nan,0.00,0.03,85.10,0.0000,0.0000
2017-08-25 02:32,31.98,nan,0.00,0.03,85.09,0.0000,0.0000
2017-08-25 02:34,33.24,nan,0.00,0.03,85.09,0.0000,0.0000
2017-08-25 02:36,33.96,nan,0.00,0.03,85.09,0.0000,0.0000
2017-08-25 02:38,35.17,nan,0.00,0.03,85.09,0.0000,0.0000
2017-08-25 02:40,36.28,nan,0.00,0.03,85.09,0.0000,0.0000
2017-08-25 02:42,37.27,nan,0.00,0.03,85.08,0.0000,0.0000
2017-08-25 02:44,38.16,nan,0.00,0.03,85.08,0.0000,0.0000
2017-08-25 02:46,38.95,nan,0.00,0.03,85.08,0.0000,0.0000
2017-08-25 02:48,39.65,nan,0.00,0.03,85.08,0.0000,0.0000
2017-08-25 02:50,40.29,nan,0.00,0.03,85.07,0.0000,0.0000
2017-08-25 02:52,40.89,nan,0.00,0.03,85.07,0.0000,0.0000
2017-08-25 02:54,41.48,nan,0.00,0.03,85.06,0.0000,0.0000
2017-08-25 02:56,42.06,nan,0.00,0.03,85.05,0.0000,0.0000
2017-08-25 02:58,42.67,nan,0.00,0.03,85.05,0.0000,0.0000
2017-08-25 03:00,43.31,nan,0.00,0.03,85.04,0.0000,0.0000
2017-08-25 03:02,44.03,nan,0.00,0.03,85.03,0.0000,0.0000
2017-08-25 03:04,45.05,nan,0.00,0.03,85.03,0.0000,0.0000
2017-08-25 03:06,47.59,nan,0.00,0.03,85.02,0.0000,0.0000
2017-08-25 03:08,55.85,nan,0.00,0.03,85.02,0.0000,0.0000
2017-08-25 03:10,79.82,nan,0.00,0.03,85.02,0.0000,0.0000
2017-08-25 03:12,138.23,nan,0.00,0.03,85.01,0.0000,0.0000
2017-08-25 03:14,249.20,nan,0.00,0.03,85.01,0.0000,0.0000
2017-08-25 03:16,401.54,nan,0.00,0.03,85.01,0.0000,0.0000
2017-08-25 03:18,554.37,nan,0.00,0.03,85.01,0.0000,0.0000
2017-08-25 03:20,675.77,nan,0.00,0.03,85.00,0.0000,0.0000
2017-08-25 03:22,759.56,nan,0.00,0.03,85.00,0.0000,0.0000
2017-08-25 03:24,813.98,nan,0.00,0.03,85.00,0.0000,0.0000
2017-08-25 03:26,849.45,nan,0.00,0.03,85.00,0.0000,0.0000
2017-08-25 03:28,873.62,nan,0.00,0.03,84.99,0.0000,0.0000
2017-08-25 03:30,891.19,nan,0.00,0.03,84.96,0.0000,0.0000
2017-08-25 03:32,904.84,nan,0.00,0.03,84.96,0.0000,0.0000
2017-08-25 03:34,916.14,nan,0.00,0.03,84.95,0.0000,0.0000
2017-08-25 03:36,926.01,nan,0.00,0.03,84.95,0.0000,0.0000
2017-08-25 03:38,935.06,nan,0.00,0.03,84.93,0.0000,0.0000
2017-08-25 03:40,943.65,nan,0.00,0.03,84.92,0.0000,0.0000
2017-08-25 03:42,952.00,nan,0.00,0.03,84.92,0.0000,0.0000
2017-08-25 03:44,960.20,nan,0.00,0.03,84.91,0.0000,0.0000
2017-08-25 03:46,968.24,nan,0.00,0.03,84.90,0.0000,0.0000
2017-08-25 03:48,976.02,nan,0.00,0.03,84.89,0.0000,0.0000
2017-08-25 03:50,983.40,nan,0.00,0.03,84.89,0.0000,0.0000
2017-08-25 03:52,990.21,nan,0.00,0.03,84.88,0.0000,0.0000
2017-08-25 03:54,996.30,nan,0.00,0.03,84.87,0.0000,0.0000
2017-08-25 03:56,1001.54,nan,0.00,0.03,84.87,0.0000,0.0000
2017-08-25 03:58,1005.86,nan,0.00,0.03,84.87,0.0000,0.0000
2017-08-25 04:00,1009.22,nan,0.00,0.03,84.86,0.0000,0.0000
2017-08-25 04:02,1011.64,nan,0.00,0.03,84.86,0.0000,0.0000
2017-08-25 04:04,1013.18,nan,0.00,0.03,84.85,0.0000,0.0000
2017-08-25 04:06,1013.93,nan,0.00,0.03,84.85,0.0000,0.0000
2017-08-25 04:08,1013.99,nan,0.00,0.03,84.84,0.0000,0.0000
2017-08-25 04:10,1013.46,nan,0.00,0.03,84.84,0.0000,0.0000
2017-08-25 04:12,1012.44,nan,0.00,0.03,84.83,0.0000,0.0000
2017-08-25 04:14,1011.04,nan,0.00,0.03,84.81,0.0000,0.0000
2017-08-25 04:16,1009.34,nan,0.00,0.03,84.79,0.0000,0.0000
2017-08-25 04:18,1007.44,nan,0.00,0.03,84.78,0.0000,0.0000
2017-08-25 04:20,1005.40,nan,0.00,0.03,84.77,0.0000,0.0000
2017-08-25 04:22,1003.28,nan,0.00,0.03,84.76,0.0000,0.0000
2017-08-25 04:24,1001.12,nan,0.00,0.03,84.75,0.0000,0.0000
2017-08-25 04:26,998.95,nan,0.00,0.03,84.74,0.0000,0.0000
2017-08-25 04:28,996.80,nan,0.00,0.03,84.74,0.0000,0.0000
2017-08-25 04:30,994.69,nan,0.00,0.03,84.73,0.0000,0.0000
2017-08-25 04:32,992.62,nan,0.00,0.03,84.72,0.0000,0.0000
2017-08-25 04:34,990.62,nan,0.00,0.03,84.72,0.0000,0.0000
2017-08-25 04:36,988.72,nan,0.00,0.03,84.72,0.0000,0.0000
2017-08-25 04:38,986.98,nan,0.00,0.03,84.72,0.0000,0.0000
2017-08-25 04:40,985.47,nan,0.00,0.03,84.71,0.0000,0.0000
2017-08-25 04:42,984.24,nan,0.00,0.03,84.71,0.0000,0.0000
2017-08-25 04:44,983.37,nan,0.00,0.03,84.71,0.0000,0.0000
2017-08-25 04:46,982.91,nan,0.00,0.03,84.71,0.0000,0.0000
2017-08-25 04:48,982.84,nan,0.00,0.03,84.71,0.0000,0.0000
2017-08-25 04:50,983.11,nan,0.00,0.03,84.71,0.0000,0.0000
2017-08-25 04:52,983.59,nan,0.00,0.03,84.71,0.0000,0.0000
2017-08-25 04:54,984.08,nan,0.00,0.03,84.71,0.0000,0.0000
2017-08-25 04:56,984.37,nan,0.00,0.03,84.71,0.0000,0.0000
2017-08-25 04:58,984.22,nan,0.00,0.03,84.70,0.0000,0.0000
2017-08-25 05:00,983.43,nan,0.00,0.03,84.70,0.0000,0.0000
2017-08-25 05:02,981.83,nan,0.00,0.03,84.70,0.0000,0.0000
2017-08-25 05:04,979.37,nan,0.00,0.03,84.69,0.0000,0.0000
2017-08-25 05:06,976.11,nan,0.00,0.03,84.68,0.0000,0.0000
2017-08-25 05:08,972.33,nan,0.00,0.03,84.68,0.0000,0.0000
2017-08-25 05:10,968.84,nan,0.00,0.03,84.67,0.0000,0.0000
2017-08-25 05:12,967.74,nan,0.00,0.03,84.66,0.0000,0.0000
2017-08-25 05:14,974.47,nan,0.00,0.03,84.65,0.0000,0.0000
2017-08-25 05:16,1002.33,nan,0.00,0.03,84.65,0.0000,0.0000
2017-08-25 05:18,1078.70,nan,0.00,0.03,84.65,0.0000,0.0000
2017-08-25 05:20,1242.33,nan,0.00,0.03,84.64,0.0000,0.0000
2017-08-25 05:22,1513.74,nan,0.00,0.03,84.64,0.0000,0.0000
2017-08-25 05:24,1859.12,nan,0.00,0.03,84.64,0.0000,0.0000
2017-08-25 05:26,2205.08,nan,0.00,0.03,84.64,0.0000,0.0000
2017-08-25 05:28,2492.19,nan,0.00,0.03,84.64,0.0000,0.0000
2017-08-25 05:30,2700.31,nan,0.00,0.03,84.64,0.0000,0.0000
2017-08-25 05:32,2838.25,nan,0.00,0.03,84.64,0.0000,0.0000
2017-08-25 05:34,2924.31,nan,0.00,0.03,84.63,0.0000,0.0000
2017-08-25 05:36,2975.51,nan,0.00,0.03,84.63,0.0000,0.0000
2017-08-25 05:38,3004.48,nan,0.00,0.03,84.63,0.0000,0.0000
2017-08-25 05:40,3019.70,nan,0.00,0.03,84.62,0.0000,0.0000
2017-08-25 05:42,3026.60,nan,0.00,0.03,84.62,0.0000,0.0000
2017-08-25 05:44,3028.61,nan,0.00,0.03,84.61,0.0000,0.0000
2017-08-25 05:46,3027.86,nan,0.00,0.03,84.60,0.0000,0.0000
2017-08-25 05:48,3025.71,nan,0.00,0.03,84.60,0.0000,0.0000
2017-08-25 05:50,3023.03,nan,0.00,0.03,84.59,0.0000,0.0000
2017-08-25 05:52,3020.37,nan,0.00,0.03,84.59,0.0000,0.0000
2017-08-25 05:54,3018.12,nan,0.00,0.03,84.58,0.0000,0.0000
2017-08-25 05:56,3016.51,nan,0.00,0.03,84.58,0.0000,0.0000
2017-08-25 05:58,3015.72,nan,0.00,0.03,84.58,0.0000,0.0000
2017-08-25 06:00,3015.87,nan,0.00,0.03,84.58,0.0000,0.0000
2017-08-25 06:02,3017.03,nan,0.00,0.03,84.57,0.0000,0.0000
2017-08-25 06:04,3019.22,nan,0.00,0.03,84.57,0.0000,0.0000
2017-08-25 06:06,3022.44,nan,0.00,0.03,84.57,0.0000,0.0000
2017-08-25 06:08,3026.60,nan,0.00,0.03,84.57,0.0000,0.0000
2017-08-25 06:10,3031.55,nan,0.00,0.03,84.56,0.0000,0.0000
2017-08-25 06:12,3037.08,nan,0.00,0.03,84.56,0.0000,0.0000
2017-08-25 06:14,3042.92,nan,0.00,0.03,84.56,0.0000,0.0000
2017-08-25 06:16,3048.75,nan,0.00,0.03,84.56,0.0000,0.0000
2017-08-25 06:18,3054.24,nan,0.00,0.03,84.56,0.0000,0.0000
2017-08-25 06:20,3059.05,nan,0.00,0.03,84.55,0.0000,0.0000
2017-08-25 06:22,3062.87,nan,0.00,0.03,84.54,0.0000,0.0000
2017-08-25 06:24,3065.44,nan,0.00,0.03,84.54,0.0000,0.0000
2017-08-25 06:26,3066.51,nan,0.00,0.03,84.53,0.0000,0.0000
2017-08-25 06:28,3065.93,nan,0.00,0.03,84.52,0.0000,0.0000
2017-08-25 06:30,3063.56,nan,0.00,0.03,84.51,0.0000,0.0000
2017-08-25 06:32,3059.36,nan,0.00,0.03,84.51,0.0000,0.0000
2017-08-25 06:34,3053.30,nan,0.00,0.03,84.50,0.0000,0.0000
2017-08-25 06:36,3045.41,nan,0.00,0.03,84.50,0.0000,0.0000
2017-08-25 06:38,3035.77,nan,0.00,0.03,84.50,0.0000,0.0000
2017-08-25 06:40,3024.48,nan,0.00,0.03,84.50,0.0000,0.0000
2017-08-25 06:42,3011.66,nan,0.00,0.03,84.50,0.0000,0.0000
2017-08-25 06:44,2997.44,nan,0.00,0.03,84.49,0.0000,0.0000
2017-08-25 06:46,2981.97,nan,0.00,0.03,84.49,0.0000,0.0000
2017-08-25 06:48,2965.41,nan,0.00,0.03,84.49,0.0000,0.0000
2017-08-25 06:50,2947.89,nan,0.00,0.03,84.49,0.0000,0.0000
2017-08-25 06:52,2929.56,nan,0.00,0.03,84.48,0.0000,0.0000
2017-08-25 06:54,2910.56,nan,0.00,0.03,84.48,0.0000,0.0000
2017-08-25 06:56,2890.98,nan,0.00,0.03,84.47,0.0000,0.0000
2017-08-25 06:58,2870.95,nan,0.00,0.03,84.47,0.0000,0.0000
2017-08-25 07:00,2850.55,nan,0.00,0.03,84.46,0.0000,0.0000
2017-08-25 07:02,2829.85,nan,0.00,0.03,84.46,0.0000,0.0000
2017-08-25 07:04,2808.92,nan,0.00,0.03,84.45,0.0000,0.0000
2017-08-25 07:06,2787.82,nan,0.00,0.03,84.45,0.0000,0.0000
2017-08-25 07:08,2766.58,nan,0.00,0.03,84.44,0.0000,0.0000
2017-08-25 07:10,2745.22,nan,0.00,0.03,84.44,0.0000,0.0000
2017-08-25 07:12,2723.79,nan,0.00,0.03,84.44,0.0000,0.0000
2017-08-25 07:14,2702.29,nan,0.00,0.03,84.44,0.0000,0.0000
2017-08-25 07:16,2680.74,nan,0.00,0.03,84.44,0.0000,0.0000
2017-08-25 07:18,2659.15,nan,0.00,0.03,84.43,0.0000,0.0000
2017-08-25 07:20,2637.52,nan,0.00,0.03,84.43,0.0000,0.0000
2017-08-25 07:22,2615.87,nan,0.00,0.03,84.43,0.0000,0.0000
2017-08-25 07:24,2594.19,nan,0.00,0.03,84.43,0.0000,0.0000
2017-08-25 07:26,2572.50,nan,0.00,0.03,84.42,0.0000,0.0000
2017-08-25 07:28,2550.80,nan,0.00,0.03,84.42,0.0000,0.0000
2017-08-25 07:30,2529.09,nan,0.00,0.03,84.41,0.0000,0.0000
2017-08-25 07:32,2507.40,nan,0.00,0.03,84.40,0.0000,0.0000
2017-08-25 07:34,2485.71,nan,0.00,0.03,84.39,0.0000,0.0000
2017-08-25 07:36,2464.06,nan,0.00,0.03,84.38,0.0000,0.0000
2017-08-25 07:38,2442.43,nan,0.00,0.03,84.38,0.0000,0.0000
2017-08-25 07:40,2420.84,nan,0.00,0.03,84.38,0.0000,0.0000
2017-08-25 07:42,2399.31,nan,0.00,0.03,84.37,0.0000,0.0000
2017-08-25 07:44,2377.85,nan,0.00,0.03,84.37,0.0000,0.0000
2017-08-25 07:46,2356.45,nan,0.00,0.03,84.37,0.0000,0.0000
2017-08-25 07:48,2335.14,nan,0.00,0.03,84.37,0.0000,0.0000
2017-08-25 07:50,2313.92,nan,0.00,0.03,84.37,0.0000,0.0000
2017-08-25 07:52,2292.80,nan,0.00,0.03,84.37,0.0000,0.0000
2017-08-25 07:54,2271.79,nan,0.00,0.03,84.37,0.0000,0.0000
2017-08-25 07:56,2250.89,nan,0.00,0.03,84.37,0.0000,0.0000
2017-08-25 07:58,2230.12,nan,0.00,0.03,84.36,0.0000,0.0000
2017-08-25 08:00,2209.48,nan,0.00,0.03,84.36,0.0000,0.0000
2017-08-25 08:02,2188.97,nan,0.00,0.03,84.35,0.0000,0.0000
2017-08-25 08:04,2168.60,nan,0.00,0.03,84.34,0.0000,0.0000
2017-08-25 08:06,2148.38,nan,0.00,0.03,84.34,0.0000,0.0000
2017-08-25 08:08,2128.30,nan,0.00,0.03,84.33,0.0000,0.0000
2017-08-25 08:10,2108.38,nan,0.00,0.03,84.33,0.0000,0.0000
2017-08-25 08:12,2088.61,nan,0.00,0.03,84.33,0.0000,0.0000
2017-08-25 08:14,2069.00,nan,0.00,0.03,84.33,0.0000,0.0000
2017-08-25 08:16,2049.55,nan,0.00,0.03,84.33,0.0000,0.0000
2017-08-25 08:18,2030.25,nan,0.00,0.03,84.33,0.0000,0.0000
2017-08-25 08:20,2011.12,nan,0.00,0.03,84.32,0.0000,0.0000
2017-08-25 08:22,1992.15,nan,0.00,0.03,84.32,0.0000,0.0000
2017-08-25 08:24,1973.35,nan,0.00,0.03,84.29,0.0000,0.0000
2017-08-25 08:26,1954.70,nan,0.00,0.03,84.29,0.0000,0.0000
2017-08-25 08:28,1936.22,nan,0.00,0.03,84.28,0.0000,0.0000
2017-08-25 08:30,1917.91,nan,0.00,0.03,84.27,0.0000,0.0000
2017-08-25 08:32,1899.76,nan,0.00,0.03,84.27,0.0000,0.0000
2017-08-25 08:34,1881.78,nan,0.00,0.03,84.26,0.0000,0.0000
2017-08-25 08:36,1863.97,nan,0.00,0.03,84.25,0.0000,0.0000
2017-08-25 08:38,1846.32,nan,0.00,0.03,84.25,0.0000,0.0000
2017-08-25 08:40,1828.84,nan,0.00,0.03,84.24,0.0000,0.0000
2017-08-25 08:42,1811.52,nan,0.00,0.03,84.24,0.0000,0.0000
2017-08-25 08:44,1794.37,nan,0.00,0.03,84.24,0.0000,0.0000
2017-08-25 08:46,1777.39,nan,0.00,0.03,84.24,0.0000,0.0000
2017-08-25 08:48,1760.58,nan,0.00,0.03,84.24,0.0000,0.0000
2017-08-25 08:50,1743.93,nan,0.00,0.03,84.24,0.0000,0.0000
2017-08-25 08:52,1727.45,nan,0.00,0.03,84.24,0.0000,0.0000
2017-08-25 08:54,1711.13,nan,0.00,0.03,84.23,0.0000,0.0000
2017-08-25 08:56,1694.98,nan,0.00,0.03,84.23,0.0000,0.0000
2017-08-25 08:58,1678.99,nan,0.00,0.03,84.22,0.0000,0.0000
2017-08-25 09:00,1663.17,nan,0.00,0.03,84.21,0.0000,0.0000
2017-08-25 09:02,1647.51,nan,0.00,0.03,84.20,0.0000,0.0000
2017-08-25 09:04,1632.01,nan,0.00,0.03,84.19,0.0000,0.0000
2017-08-25 09:06,1616.67,nan,0.00,0.03,84.19,0.0000,0.0000
2017-08-25 09:08,1601.49,nan,0.00,0.03,84.18,0.0000,0.0000
2017-08-25 09:10,1586.48,nan,0.00,0.03,84.18,0.0000,0.0000
2017-08-25 09:12,1571.62,nan,0.00,0.03,84.18,0.0000,0.0000
2017-08-25 09:14,1556.92,nan,0.00,0.03,84.17,0.0000,0.0000
2017-08-25 09:16,1542.37,nan,0.00,0.03,84.17,0.0000,0.0000
2017-08-25 09:18,1527.98,nan,0.00,0.03,84.16,0.0000,0.0000
2017-08-25 09:20,1513.75,nan,0.00,0.03,84.15,0.0000,0.0000
2017-08-25 09:22,1499.67,nan,0.00,0.03,84.14,0.0000,0.0000
2017-08-25 09:24,1485.74,nan,0.00,0.03,84.13,0.0000,0.0000
2017-08-25 09:26,1471.96,nan,0.00,0.03,84.12,0.0000,0.0000
2017-08-25 09:28,1458.33,nan,0.00,0.03,84.11,0.0000,0.0000
2017-08-25 09:30,1444.86,nan,0.00,0.03,84.11,0.0000,0.0000
2017-08-25 09:32,1431.53,nan,0.00,0.03,84.10,0.0000,0.0000
2017-08-25 09:34,1418.35,nan,0.00,0.03,84.10,0.0000,0.0000
2017-08-25 09:36,1405.31,nan,0.00,0.03,84.09,0.0000,0.0000
2017-08-25 09:38,1392.42,nan,0.00,0.03,84.08,0.0000,0.0000
2017-08-25 09:40,1379.68,nan,0.00,0.03,84.06,0.0000,0.0000
2017-08-25 09:42,1367.07,nan,0.00,0.03,84.01,0.0000,0.0000
2017-08-25 09:44,1354.61,nan,0.00,0.03,83.97,0.0000,0.0000
2017-08-25 09:46,1342.29,nan,0.00,0.03,83.95,0.0000,0.0000
2017-08-25 09:48,1330.11,nan,0.00,0.03,83.95,0.0000,0.0000
2017-08-25 09:50,1318.07,nan,0.00,0.03,83.94,0.0000,0.0000
2017-08-25 09:52,1306.16,nan,0.00,0.03,83.93,0.0000,0.0000
2017-08-25 09:54,1294.39,nan,0.00,0.03,83.93,0.0000,0.0000
2017-08-25 09:56,1282.75,nan,0.00,0.03,83.92,0.0000,0.0000
2017-08-25 09:58,1271.24,nan,0.00,0.03,83.92,0.0000,0.0000
2017-08-25 10:00,1259.87,nan,0.00,0.03,83.92,0.0000,0.0000
2017-08-25 10:02,1248.63,nan,0.00,0.03,83.91,0.0000,0.0000
2017-08-25 10:04,1237.51,nan,0.00,0.03,83.91,0.0000,0.0000
2017-08-25 10:06,1226.52,nan,0.00,0.03,83.91,0.0000,0.0000
2017-08-25 10:08,1215.66,nan,0.00,0.03,83.90,0.0000,0.0000
2017-08-25 10:10,1204.92,nan,0.00,0.03,83.87,0.0000,0.0000
2017-08-25 10:12,1194.30,nan,0.00,0.03,83.85,0.0000,0.0000
2017-08-25 10:14,1183.81,nan,0.00,0.03,83.85,0.0000,0.0000
2017-08-25 10:16,1173.43,nan,0.00,0.03,83.84,0.0000,0.0000
2017-08-25 10:18,1163.18,nan,0.00,0.03,83.83,0.0000,0.0000
2017-08-25 10:20,1153.04,nan,0.00,0.03,83.83,0.0000,0.0000
2017-08-25 10:22,1143.01,nan,0.00,0.03,83.83,0.0000,0.0000
2017-08-25 10:24,1133.10,nan,0.00,0.03,83.82,0.0000,0.0000
2017-08-25 10:26,1123.31,nan,0.00,0.03,83.82,0.0000,0.0000
2017-08-25 10:28,1113.62,nan,0.00,0.03,83.81,0.0000,0.0000
2017-08-25 10:30,1104.05,nan,0.00,0.03,83.81,0.0000,0.0000
2017-08-25 10:32,1094.58,nan,0.00,0.03,83.80,0.0000,0.0000
2017-08-25 10:34,1085.22,nan,0.00,0.03,83.79,0.0000,0.0000
2017-08-25 10:36,1075.97,nan,0.00,0.03,83.79,0.0000,0.0000
2017-08-25 10:38,1066.82,nan,0.00,0.03,83.78,0.0000,0.0000
2017-08-25 10:40,1057.77,nan,0.00,0.03,83.78,0.0000,0.0000
2017-08-25 10:42,1048.83,nan,0.00,0.03,83.77,0.0000,0.0000
2017-08-25 10:44,1039.98,nan,0.00,0.03,83.76,0.0000,0.0000
2017-08-25 10:46,1031.24,nan,0.00,0.03,83.76,0.0000,0.0000
2017-08-25 10:48,1022.59,nan,0.00,0.03,83.75,0.0000,0.0000
2017-08-25 10:50,1014.05,nan,0.00,0.03,83.74,0.0000,0.0000
2017-08-25 10:52,1005.59,nan,0.00,0.03,83.73,0.0000,0.0000
2017-08-25 10:54,997.23,nan,0.00,0.03,83.71,0.0000,0.0000
2017-08-25 10:56,988.97,nan,0.00,0.03,83.70,0.0000,0.0000
2017-08-25 10:58,980.80,nan,0.00,0.03,83.70,0.0000,0.0000
2017-08-25 11:00,972.71,nan,0.00,0.03,83.69,0.0000,0.0000
2017-08-25 11:02,964.72,nan,0.00,0.03,83.69,0.0000,0.0000
2017-08-25 11:04,956.82,nan,0.00,0.03,83.69,0.0000,0.0000
2017-08-25 11:06,949.00,nan,0.00,0.03,83.68,0.0000,0.0000
2017-08-25 11:08,941.27,nan,0.00,0.03,83.67,0.0000,0.0000
2017-08-25 11:10,933.62,nan,0.00,0.03,83.67,0.0000,0.0000
2017-08-25 11:12,926.06,nan,0.00,0.03,83.66,0.0000,0.0000
2017-08-25 11:14,918.59,nan,0.00,0.03,83.65,0.0000,0.0000
2017-08-25 11:16,911.19,nan,0.00,0.03,83.65,0.0000,0.0000
2017-08-25 11:18,903.87,nan,0.00,0.03,83.64,0.0000,0.0000
2017-08-25 11:20,896.64,nan,0.00,0.03,83.64,0.0000,0.0000
2017-08-25 11:22,889.48,nan,0.00,0.03,83.63,0.0000,0.0000
2017-08-25 11:24,882.40,nan,0.00,0.03,83.63,0.0000,0.0000
2017-08-25 11:26,875.40,nan,0.00,0.03,83.62,0.0000,0.0000
2017-08-25 11:28,868.48,nan,0.00,0.03,83.61,0.0000,0.0000
2017-08-25 11:30,861.63,nan,0.00,0.03,83.60,0.0000,0.0000
2017-08-25 11:32,854.85,nan,0.00,0.03,83.59,0.0000,0.0000
2017-08-25 11:34,848.14,nan,0.00,0.03,83.58,0.0000,0.0000
2017-08-25 11:36,841.51,nan,0.00,0.03,83.58,0.0000,0.0000
2017-08-25 11:38,834.95,nan,0.00,0.03,83.57,0.0000,0.0000
2017-08-25 11:40,828.46,nan,0.00,0.03,83.56,0.0000,0.0000
2017-08-25 11:42,822.03,nan,0.00,0.03,83.56,0.0000,0.0000
2017-08-25 11:44,815.68,nan,0.00,0.03,83.55,0.0000,0.0000
2017-08-25 11:46,809.39,nan,0.00,0.03,83.53,0.0000,0.0000
2017-08-25 11:48,803.17,nan,0.00,0.03,83.52,0.0000,0.0000
2017-08-25 11:50,797.01,nan,0.00,0.03,83.51,0.0000,0.0000
2017-08-25 11:52,790.92,nan,0.00,0.03,83.51,0.0000,0.0000
2017-08-25 11:54,784.89,nan,0.00,0.03,83.50,0.0000,0.0000
2017-08-25 11:56,778.93,nan,0.00,0.03,83.50,0.0000,0.0000
2017-08-25 11:58,773.02,nan,0.00,0.03,83.49,0.0000,0.0000
2017-08-25 12:00,767.18,nan,0.00,0.03,83.48,0.0000,0.0000
2017-08-25 12:02,761.40,nan,0.00,0.03,83.47,0.0000,0.0000
2017-08-25 12:04,755.67,nan,0.00,0.03,83.46,0.0000,0.0000
2017-08-25 12:06,750.01,nan,0.00,0.03,83.46,0.0000,0.0000
2017-08-25 12:08,744.40,nan,0.00,0.03,83.45,0.0000,0.0000
2017-08-25 12:10,738.85,nan,0.00,0.03,83.44,0.0000,0.0000
2017-08-25 12:12,733.36,nan,0.00,0.03,83.43,0.0000,0.0000
2017-08-25 12:14,727.92,nan,0.00,0.03,83.43,0.0000,0.0000
2017-08-25 12:16,722.54,nan,0.00,0.03,83.42,0.0000,0.0000
2017-08-25 12:18,717.21,nan,0.00,0.03,83.41,0.0000,0.0000
2017-08-25 12:20,711.93,nan,0.00,0.03,83.40,0.0000,0.0000
2017-08-25 12:22,706.71,nan,0.00,0.03,83.39,0.0000,0.0000
2017-08-25 12:24,701.54,nan,0.00,0.03,83.39,0.0000,0.0000
2017-08-25 12:26,696.42,nan,0.00,0.03,83.38,0.0000,0.0000
2017-08-25 12:28,691.35,nan,0.00,0.03,83.37,0.0000,0.0000
2017-08-25 12:30,686.33,nan,0.00,0.03,83.37,0.0000,0.0000
2017-08-25 12:32,681.36,nan,0.00,0.03,83.36,0.0000,0.0000
2017-08-25 12:34,676.44,nan,0.00,0.03,83.36,0.0000,0.0000
2017-08-25 12:36,671.57,nan,0.00,0.03,83.35,0.0000,0.0000
2017-08-25 12:38,666.74,nan,0.00,0.03,83.34,0.0000,0.0000
2017-08-25 12:40,661.96,nan,0.00,0.03,83.34,0.0000,0.0000
2017-08-25 12:42,657.23,nan,0.00,0.03,83.32,0.0000,0.0000
2017-08-25 12:44,652.55,nan,0.00,0.03,83.31,0.0000,0.0000
2017-08-25 12:46,647.91,nan,0.00,0.03,83.31,0.0000,0.0000
2017-08-25 12:48,643.31,nan,0.00,0.03,83.29,0.0000,0.0000
2017-08-25 12:50,638.76,nan,0.00,0.03,83.26,0.0000,0.0000
2017-08-25 12:52,634.26,nan,0.00,0.03,83.23,0.0000,0.0000
2017-08-25 12:54,629.80,nan,0.00,0.03,83.22,0.0000,0.0000
2017-08-25 12:56,625.38,nan,0.00,0.03,83.21,0.0000,0.0000
2017-08-25 12:58,621.00,nan,0.00,0.03,83.20,0.0000,0.0000
2017-08-25 13:00,616.66,nan,0.00,0.03,83.19,0.0000,0.0000
2017-08-25 13:02,612.37,nan,0.00,0.03,83.18,0.0000,0.0000
2017-08-25 13:04,608.11,nan,0.00,0.03,83.18,0.0000,0.0000
2017-08-25 13:06,603.90,nan,0.00,0.03,83.17,0.0000,0.0000
2017-08-25 13:08,599.73,nan,0.00,0.03,83.16,0.0000,0.0000
2017-08-25 13:10,595.59,nan,0.00,0.03,83.15,0.0000,0.0000
2017-08-25 13:12,591.50,nan,0.00,0.03,83.14,0.0000,0.0000
2017-08-25 13:14,587.44,nan,0.00,0.03,83.13,0.0000,0.0000
2017-08-25 13:16,583.42,nan,0.00,0.03,83.13,0.0000,0.0000
2017-08-25 13:18,579.45,nan,0.00,0.03,83.12,0.0000,0.0000
2017-08-25 13:20,575.50,nan,0.00,0.03,83.11,0.0000,0.0000
2017-08-25 13:22,571.60,nan,0.00,0.03,83.10,0.0000,0.0000
2017-08-25 13:24,567.73,nan,0.00,0.03,83.09,0.0000,0.0000
2017-08-25 13:26,563.90,nan,0.00,0.03,83.08,0.0000,0.0000
2017-08-25 13:28,560.10,nan,0.00,0.03,83.07,0.0000,0.0000
2017-08-25 13:30,556.34,nan,0.00,0.03,83.06,0.0000,0.0000
2017-08-25 13:32,552.61,nan,0.00,0.03,83.06,0.0000,0.0000
2017-08-25 13:34,548.92,nan,0.00,0.03,83.05,0.0000,0.0000
2017-08-25 13:36,545.27,nan,0.00,0.03,83.04,0.0000,0.0000
2017-08-25 13:38,541.65,nan,0.00,0.03,83.03,0.0000,0.0000
2017-08-25 13:40,538.07,nan,0.00,0.03,83.02,0.0000,0.0000
2017-08-25 13:42,534.52,nan,0.00,0.03,83.01,0.0000,0.0000
2017-08-25 13:44,531.00,nan,0.00,0.03,83.00,0.0000,0.0000
2017-08-25 13:46,527.52,nan,0.00,0.03,82.99,0.0000,0.0000
2017-08-25 13:48,524.08,nan,0.00,0.03,82.98,0.0000,0.0000
2017-08-25 13:50,520.68,nan,0.00,0.03,82.97,0.0000,0.0000
2017-08-25 13:52,517.31,nan,0.00,0.03,82.96,0.0000,0.0000
2017-08-25 13:54,513.99,nan,0.00,0.03,82.95,0.0000,0.0000
2017-08-25 13:56,510.70,nan,0.00,0.03,82.94,0.0000,0.0000
2017-08-25 13:58,507.45,nan,0.00,0.03,82.92,0.0000,0.0000
2017-08-25 14:00,504.24,nan,0.00,0.03,82.91,0.0000,0.0000
2017-08-25 14:02,501.07,nan,0.00,0.03,82.90,0.0000,0.0000
2017-08-25 14:04,497.94,nan,0.00,0.03,82.88,0.0000,0.0000
2017-08-25 14:06,494.86,nan,0.00,0.03,82.87,0.0000,0.0000
2017-08-25 14:08,491.81,nan,0.00,0.03,82.86,0.0000,0.0000
2017-08-25 14:10,488.80,nan,0.00,0.03,82.85,0.0000,0.0000
2017-08-25 14:12,485.83,nan,0.00,0.03,82.83,0.0000,0.0000
2017-08-25 14:14,482.90,nan,0.00,0.03,82.81,0.0000,0.0000
2017-08-25 14:16,480.00,nan,0.00,0.03,82.80,0.0000,0.0000
2017-08-25 14:18,477.13,nan,0.00,0.03,82.78,0.0000,0.0000
2017-08-25 14:20,474.28,nan,0.00,0.03,82.76,0.0000,0.0000
2017-08-25 14:22,471.47,nan,0.00,0.03,82.74,0.0000,0.0000
2017-08-25 14:24,468.68,nan,0.00,0.03,82.73,0.0000,0.0000
2017-08-25 14:26,465.91,nan,0.00,0.03,82.71,0.0000,0.0000
2017-08-25 14:28,463.17,nan,0.00,0.03,82.70,0.0000,0.0000
2017-08-25 14:30,460.44,nan,0.00,0.03,82.68,0.0000,0.0000
2017-08-25 14:32,457.73,nan,0.00,0.03,82.66,0.0000,0.0000
2017-08-25 14:34,455.04,nan,0.00,0.03,82.63,0.0000,0.0000
2017-08-25 14:36,452.36,nan,0.00,0.03,82.60,0.0000,0.0000
2017-08-25 14:38,449.70,nan,0.00,0.03,82.57,0.0000,0.0000
2017-08-25 14:40,447.06,nan,0.00,0.03,82.53,0.0000,0.0000
2017-08-25 14:42,444.42,nan,0.00,0.03,82.49,0.0000,0.0000
2017-08-25 14:44,441.81,nan,0.00,0.03,82.43,0.0000,0.0000
2017-08-25 14:46,439.21,nan,0.00,0.03,82.34,0.0000,0.0000
2017-08-25 14:48,436.62,nan,0.00,0.03,82.12,0.0000,0.0000
2017-08-25 14:50,434.05,nan,0.00,0.03,81.82,0.0000,0.0000
2017-08-25 14:52,431.50,nan,0.00,0.03,81.37,0.0000,0.0000
2017-08-25 14:54,428.96,nan,0.00,0.03,80.93,0.0000,0.0000
2017-08-25 14:56,426.44,nan,0.00,0.03,80.43,0.0000,0.0000
2017-08-25 14:58,423.94,nan,0.00,0.03,80.16,0.0000,0.0000
2017-08-25 15:00,421.45,nan,0.00,0.03,80.05,0.0000,0.0000
2017-08-25 15:02,418.98,nan,0.00,0.03,80.01,0.0000,0.0000
2017-08-25 15:04,416.53,nan,0.00,0.03,79.96,0.0000,0.0000
2017-08-25 15:06,414.10,nan,0.00,0.03,79.89,0.0000,0.0000
2017-08-25 15:08,411.68,nan,0.00,0.03,79.87,0.0000,0.0000
2017-08-25 15:10,409.29,nan,0.00,0.03,79.85,0.0000,0.0000
2017-08-25 15:12,406.91,nan,0.00,0.03,79.80,0.0000,0.0000
2017-08-25 15:14,404.54,nan,0.00,0.03,79.78,0.0000,0.0000
2017-08-25 15:16,402.20,nan,0.00,0.03,79.77,0.0000,0.0000
2017-08-25 15:18,399.87,nan,0.00,0.03,79.77,0.0000,0.0000
2017-08-25 15:20,397.57,nan,0.00,0.03,79.77,0.0000,0.0000
2017-08-25 15:22,395.28,nan,0.00,0.03,79.76,0.0000,0.0000
2017-08-25 15:24,393.00,nan,0.00,0.03,79.76,0.0000,0.0000
2017-08-25 15:26,390.75,nan,0.00,0.03,79.76,0.0000,0.0000
2017-08-25 15:28,388.51,nan,0.00,0.03,79.75,0.0000,0.0000
2017-08-25 15:30,386.28,nan,0.00,0.03,79.75,0.0000,0.0000
2017-08-25 15:32,384.08,nan,0.00,0.03,79.75,0.0000,0.0000
2017-08-25 15:34,381.89,nan,0.00,0.03,79.74,0.0000,0.0000
2017-08-25 15:36,379.72,nan,0.00,0.03,79.74,0.0000,0.0000
2017-08-25 15:38,377.56,nan,0.00,0.03,79.74,0.0000,0.0000
2017-08-25 15:40,375.43,nan,0.00,0.03,79.73,0.0000,0.0000
2017-08-25 15:42,373.30,nan,0.00,0.03,79.72,0.0000,0.0000
2017-08-25 15:44,371.20,nan,0.00,0.03,79.72,0.0000,0.0000
2017-08-25 15:46,369.11,nan,0.00,0.03,79.70,0.0000,0.0000
2017-08-25 15:48,367.03,nan,0.00,0.03,79.67,0.0000,0.0000
2017-08-25 15:50,364.97,nan,0.00,0.03,79.66,0.0000,0.0000
2017-08-25 15:52,362.93,nan,0.00,0.03,79.65,0.0000,0.0000
2017-08-25 15:54,360.90,nan,0.00,0.03,79.65,0.0000,0.0000
2017-08-25 15:56,358.89,nan,0.00,0.03,79.65,0.0000,0.0000
2017-08-25 15:58,356.89,nan,0.00,0.03,79.65,0.0000,0.0000
2017-08-25 16:00,354.91,nan,0.00,0.03,79.64,0.0000,0.0000
2017-08-25 16:02,352.94,nan,0.00,0.03,79.64,0.0000,0.0000
2017-08-25 16:04,350.99,nan,0.00,0.03,79.63,0.0000,0.0000
2017-08-25 16:06,349.06,nan,0.00,0.03,79.63,0.0000,0.0000
2017-08-25 16:08,347.13,nan,0.00,0.03,79.63,0.0000,0.0000
2017-08-25 16:10,345.22,nan,0.00,0.03,79.62,0.0000,0.0000
2017-08-25 16:12,343.33,nan,0.00,0.03,79.62,0.0000,0.0000
2017-08-25 16:14,341.45,nan,0.00,0.03,79.62,0.0000,0.0000
2017-08-25 16:16,339.58,nan,0.00,0.03,79.62,0.0000,0.0000
2017-08-25 16:18,337.73,nan,0.00,0.03,79.61,0.0000,0.0000
2017-08-25 16:20,335.89,nan,0.00,0.03,79.61,0.0000,0.0000
2017-08-25 16:22,334.07,nan,0.00,0.03,79.61,0.0000,0.0000
2017-08-25 16:24,332.26,nan,0.00,0.03,79.61,0.0000,0.0000
2017-08-25 16:26,330.46,nan,0.00,0.03,79.60,0.0000,0.0000
2017-08-25 16:28,328.68,nan,0.00,0.03,79.56,0.0000,0.0000
2017-08-25 16:30,326.91,nan,0.00,0.03,79.55,0.0000,0.0000
2017-08-25 16:32,325.15,nan,0.00,0.03,79.54,0.0000,0.0000
2017-08-25 16:34,323.40,nan,0.00,0.03,79.54,0.0000,0.0000
2017-08-25 16:36,321.67,nan,0.00,0.03,79.54,0.0000,0.0000
2017-08-25 16:38,319.95,nan,0.00,0.03,79.54,0.0000,0.0000
2017-08-25 16:40,318.24,nan,0.00,0.03,79.53,0.0000,0.0000
2017-08-25 16:42,316.55,nan,0.00,0.03,79.53,0.0000,0.0000
2017-08-25 16:44,314.87,nan,0.00,0.03,79.53,0.0000,0.0000
2017-08-25 16:46,313.20,nan,0.00,0.03,79.53,0.0000,0.0000
2017-08-25 16:48,311.54,nan,0.00,0.03,79.52,0.0000,0.0000
2017-08-25 16:50,309.89,nan,0.00,0.03,79.52,0.0000,0.0000
2017-08-25 16:52,308.26,nan,0.00,0.03,79.52,0.0000,0.0000
2017-08-25 16:54,306.63,nan,0.00,0.03,79.52,0.0000,0.0000
2017-08-25 16:56,305.02,nan,0.00,0.03,79.51,0.0000,0.0000
2017-08-25 16:58,303.42,nan,0.00,0.03,79.51,0.0000,0.0000
2017-08-25 17:00,301.83,nan,0.00,0.03,79.51,0.0000,0.0000
2017-08-25 17:02,300.26,nan,0.00,0.03,79.51,0.0000,0.0000
2017-08-25 17:04,298.69,nan,0.00,0.03,79.50,0.0000,0.0000
2017-08-25 17:06,297.14,nan,0.00,0.03,79.50,0.0000,0.0000
2017-08-25 17:08,295.59,nan,0.00,0.03,79.49,0.0000,0.0000
2017-08-25 17:10,294.06,nan,0.00,0.03,79.49,0.0000,0.0000
2017-08-25 17:12,292.54,nan,0.00,0.03,79.49,0.0000,0.0000
2017-08-25 17:14,291.03,nan,0.00,0.03,79.48,0.0000,0.0000
2017-08-25 17:16,289.53,nan,0.00,0.03,79.47,0.0000,0.0000
2017-08-25 17:18,288.04,nan,0.00,0.03,79.47,0.0000,0.0000
2017-08-25 17:20,286.56,nan,0.00,0.03,79.46,0.0000,0.0000
2017-08-25 17:22,285.09,nan,0.00,0.03,79.41,0.0000,0.0000
2017-08-25 17:24,283.63,nan,0.00,0.03,79.36,0.0000,0.0000
2017-08-25 17:26,282.18,nan,0.00,0.03,79.33,0.0000,0.0000
2017-08-25 17:28,280.74,nan,0.00,0.03,79.33,0.0000,0.0000
2017-08-25 17:30,279.32,nan,0.00,0.03,79.32,0.0000,0.0000
2017-08-25 17:32,277.90,nan,0.00,0.03,79.32,0.0000,0.0000
2017-08-25 17:34,276.49,nan,0.00,0.03,79.32,0.0000,0.0000
2017-08-25 17:36,275.09,nan,0.00,0.03,79.32,0.0000,0.0000
2017-08-25 17:38,273.70,nan,0.00,0.03,79.32,0.0000,0.0000
2017-08-25 17:40,272.32,nan,0.00,0.03,79.32,0.0000,0.0000
2017-08-25 17:42,270.95,nan,0.00,0.03,79.31,0.0000,0.0000
2017-08-25 17:44,269.59,nan,0.00,0.03,79.31,0.0000,0.0000
2017-08-25 17:46,268.24,nan,0.00,0.03,79.31,0.0000,0.0000
2017-08-25 17:48,266.90,nan,0.00,0.03,79.30,0.0000,0.0000
2017-08-25 17:50,265.57,nan,0.00,0.03,79.30,0.0000,0.0000
2017-08-25 17:52,264.25,nan,0.00,0.03,79.30,0.0000,0.0000
2017-08-25 17:54,262.93,nan,0.00,0.03,79.30,0.0000,0.0000
2017-08-25 17:56,261.63,nan,0.00,0.03,79.29,0.0000,0.0000
2017-08-25 17:58,260.33,nan,0.00,0.03,79.29,0.0000,0.0000
2017-08-25 18:00,259.05,nan,0.00,0.03,79.29,0.0000,0.0000
2017-08-25 18:02,257.77,nan,0.00,0.03,79.28,0.0000,0.0000
2017-08-25 18:04,256.50,nan,0.00,0.03,79.28,0.0000,0.0000
2017-08-25 18:06,255.24,nan,0.00,0.03,79.28,0.0000,0.0000
2017-08-25 18:08,253.99,nan,0.00,0.03,79.28,0.0000,0.0000
2017-08-25 18:10,252.74,nan,0.00,0.03,79.28,0.0000,0.0000
2017-08-25 18:12,251.51,nan,0.00,0.03,79.27,0.0000,0.0000
2017-08-25 18:14,250.28,nan,0.00,0.03,79.27,0.0000,0.0000
2017-08-25 18:16,249.06,nan,0.00,0.03,79.27,0.0000,0.0000
2017-08-25 18:18,247.85,nan,0.00,0.03,79.27,0.0000,0.0000
2017-08-25 18:20,246.65,nan,0.00,0.03,79.26,0.0000,0.0000
2017-08-25 18:22,245.46,nan,0.00,0.03,79.26,0.0000,0.0000
2017-08-25 18:24,244.27,nan,0.00,0.03,79.26,0.0000,0.0000
2017-08-25 18:26,243.09,nan,0.00,0.03,79.26,0.0000,0.0000
2017-08-25 18:28,241.92,nan,0.00,0.03,79.25,0.0000,0.0000
2017-08-25 18:30,240.76,nan,0.00,0.03,79.25,0.0000,0.0000
2017-08-25 18:32,239.61,nan,0.00,0.03,79.25,0.0000,0.0000
2017-08-25 18:34,238.46,nan,0.00,0.03,79.24,0.0000,0.0000
2017-08-25 18:36,237.32,nan,0.00,0.03,79.22,0.0000,0.0000
2017-08-25 18:38,236.19,nan,0.00,0.03,79.22,0.0000,0.0000
2017-08-25 18:40,235.06,nan,0.00,0.03,79.21,0.0000,0.0000
2017-08-25 18:42,233.95,nan,0.00,0.03,79.21,0.0000,0.0000
2017-08-25 18:44,232.84,nan,0.00,0.03,79.21,0.0000,0.0000
2017-08-25 18:46,231.73,nan,0.00,0.03,79.21,0.0000,0.0000
2017-08-25 18:48,230.64,nan,0.00,0.03,79.21,0.0000,0.0000
2017-08-25 18:50,229.55,nan,0.00,0.03,79.21,0.0000,0.0000
2017-08-25 18:52,228.47,nan,0.00,0.03,79.20,0.0000,0.0000
2017-08-25 18:54,227.40,nan,0.00,0.03,79.20,0.0000,0.0000
2017-08-25 18:56,226.33,nan,0.00,0.03,79.20,0.0000,0.0000
2017-08-25 18:58,225.27,nan,0.00,0.03,79.20,0.0000,0.0000
2017-08-25 19:00,224.22,nan,0.00,0.03,79.19,0.0000,0.0000
2017-08-25 19:02,223.17,nan,0.00,0.03,79.19,0.0000,0.0000
2017-08-25 19:04,222.13,nan,0.00,0.03,79.19,0.0000,0.0000
2017-08-25 19:06,221.10,nan,0.00,0.03,79.19,0.0000,0.0000
2017-08-25 19:08,220.07,nan,0.00,0.03,79.19,0.0000,0.0000
2017-08-25 19:10,219.05,nan,0.00,0.03,79.19,0.0000,0.0000
2017-08-25 19:12,218.04,nan,0.00,0.03,79.18,0.0000,0.0000
2017-08-25 19:14,217.04,nan,0.00,0.03,79.18,0.0000,0.0000
2017-08-25 19:16,216.04,nan,0.00,0.03,79.18,0.0000,0.0000
2017-08-25 19:18,215.04,nan,0.00,0.03,79.18,0.0000,0.0000
2017-08-25 19:20,214.06,nan,0.00,0.03,79.18,0.0000,0.0000
2017-08-25 19:22,213.08,nan,0.00,0.03,79.17,0.0000,0.0000
2017-08-25 19:24,212.11,nan,0.00,0.03,79.17,0.0000,0.0000
2017-08-25 19:26,211.14,nan,0.00,0.03,79.17,0.0000,0.0000
2017-08-25 19:28,210.18,nan,0.00,0.03,79.17,0.0000,0.0000
2017-08-25 19:30,209.23,nan,0.00,0.03,79.17,0.0000,0.0000
2017-08-25 19:32,208.28,nan,0.00,0.03,79.16,0.0000,0.0000
2017-08-25 19:34,207.34,nan,0.00,0.03,79.16,0.0000,0.0000
2017-08-25 19:36,206.41,nan,0.00,0.03,79.16,0.0000,0.0000
2017-08-25 19:38,205.49,nan,0.00,0.03,79.15,0.0000,0.0000
2017-08-25 19:40,204.57,nan,0.00,0.03,79.15,0.0000,0.0000
2017-08-25 19:42,203.66,nan,0.00,0.03,79.15,0.0000,0.0000
2017-08-25 19:44,202.76,nan,0.00,0.03,79.14,0.0000,0.0000
2017-08-25 19:46,201.87,nan,0.00,0.03,79.14,0.0000,0.0000
2017-08-25 19:48,200.99,nan,0.00,0.03,79.14,0.0000,0.0000
2017-08-25 19:50,200.12,nan,0.00,0.03,79.14,0.0000,0.0000
2017-08-25 19:52,199.26,nan,0.00,0.03,79.14,0.0000,0.0000
2017-08-25 19:54,198.40,nan,0.00,0.03,79.13,0.0000,0.0000
2017-08-25 19:56,197.56,nan,0.00,0.03,79.13,0.0000,0.0000
2017-08-25 19:58,196.73,nan,0.00,0.03,79.13,0.0000,0.0000
2017-08-25 20:00,195.91,nan,0.00,0.03,79.13,0.0000,0.0000
2017-08-25 20:02,195.10,nan,0.00,0.03,79.12,0.0000,0.0000
2017-08-25 20:04,194.30,nan,0.00,0.03,79.12,0.0000,0.0000
2017-08-25 20:06,193.52,nan,0.00,0.03,79.12,0.0000,0.0000
2017-08-25 20:08,192.74,nan,0.00,0.03,79.12,0.0000,0.0000
2017-08-25 20:10,191.97,nan,0.00,0.03,79.12,0.0000,0.0000
2017-08-25 20:12,191.22,nan,0.00,0.03,79.11,0.0000,0.0000
2017-08-25 20:14,190.47,nan,0.00,0.03,79.11,0.0000,0.0000
2017-08-25 20:16,189.73,nan,0.00,0.03,79.11,0.0000,0.0000
2017-08-25 20:18,189.00,nan,0.00,0.03,79.11,0.0000,0.0000
2017-08-25 20:20,188.28,nan,0.00,0.03,79.10,0.0000,0.0000
2017-08-25 20:22,187.56,nan,0.00,0.03,79.10,0.0000,0.0000
2017-08-25 20:24,186.85,nan,0.00,0.03,79.10,0.0000,0.0000
2017-08-25 20:26,186.14,nan,0.00,0.03,79.10,0.0000,0.0000
2017-08-25 20:28,185.43,nan,0.00,0.03,79.10,0.0000,0.0000
2017-08-25 20:30,184.73,nan,0.00,0.03,79.10,0.0000,0.0000
2017-08-25 20:32,184.03,nan,0.00,0.03,79.10,0.0000,0.0000
2017-08-25 20:34,183.33,nan,0.00,0.03,79.10,0.0000,0.0000
2017-08-25 20:36,182.64,nan,0.00,0.03,79.09,0.0000,0.0000
2017-08-25 20:38,181.94,nan,0.00,0.03,79.09,0.0000,0.0000
2017-08-25 20:40,181.24,nan,0.00,0.03,79.08,0.0000,0.0000
2017-08-25 20:42,180.54,nan,0.00,0.03,79.07,0.0000,0.0000
2017-08-25 20:44,179.84,nan,0.00,0.03,79.07,0.0000,0.0000
2017-08-25 20:46,179.14,nan,0.00,0.03,79.06,0.0000,0.0000
2017-08-25 20:48,178.44,nan,0.00,0.03,79.06,0.0000,0.0000
2017-08-25 20:50,177.74,nan,0.00,0.03,79.06,0.0000,0.0000
2017-08-25 20:52,177.04,nan,0.00,0.03,79.06,0.0000,0.0000
2017-08-25 20:54,176.33,nan,0.00,0.03,79.06,0.0000,0.0000
2017-08-25 20:56,175.63,nan,0.00,0.03,79.06,0.0000,0.0000
2017-08-25 20:58,174.93,nan,0.00,0.03,79.06,0.0000,0.0000
2017-08-25 21:00,174.22,nan,0.00,0.03,79.06,0.0000,0.0000
2017-08-25 21:02,173.52,nan,0.00,0.03,79.05,0.0000,0.0000
2017-08-25 21:04,172.82,nan,0.00,0.03,79.05,0.0000,0.0000
2017-08-25 21:06,172.12,nan,0.00,0.03,79.05,0.0000,0.0000
2017-08-25 21:08,171.42,nan,0.00,0.03,79.04,0.0000,0.0000
2017-08-25 21:10,170.72,nan,0.00,0.03,79.04,0.0000,0.0000
2017-08-25 21:12,170.03,nan,0.00,0.03,79.04,0.0000,0.0000
2017-08-25 21:14,169.33,nan,0.00,0.03,79.04,0.0000,0.0000
2017-08-25 21:16,168.64,nan,0.00,0.03,79.03,0.0000,0.0000
2017-08-25 21:18,167.95,nan,0.00,0.03,79.03,0.0000,0.0000
2017-08-25 21:20,167.27,nan,0.00,0.03,79.03,0.0000,0.0000
2017-08-25 21:22,166.59,nan,0.00,0.03,79.03,0.0000,0.0000
2017-08-25 21:24,165.91,nan,0.00,0.03,79.03,0.0000,0.0000
2017-08-25 21:26,165.23,nan,0.00,0.03,79.03,0.0000,0.0000
2017-08-25 21:28,164.56,nan,0.00,0.03,79.03,0.0000,0.0000
2017-08-25 21:30,163.89,nan,0.00,0.03,79.03,0.0000,0.0000
2017-08-25 21:32,163.22,nan,0.00,0.03,79.02,0.0000,0.0000
2017-08-25 21:34,162.56,nan,0.00,0.03,79.02,0.0000,0.0000
2017-08-25 21:36,161.90,nan,0.00,0.03,79.02,0.0000,0.0000
2017-08-25 21:38,161.24,nan,0.00,0.03,79.02,0.0000,0.0000
2017-08-25 21:40,160.59,nan,0.00,0.03,79.01,0.0000,0.0000
2017-08-25 21:42,159.94,nan,0.00,0.03,79.01,0.0000,0.0000
2017-08-25 21:44,159.30,nan,0.00,0.03,79.01,0.0000,0.0000
2017-08-25 21:46,158.65,nan,0.00,0.03,79.01,0.0000,0.0000
2017-08-25 21:48,158.02,nan,0.00,0.03,79.01,0.0000,0.0000
2017-08-25 21:50,157.38,nan,0.00,0.03,79.00,0.0000,0.0000
2017-08-25 21:52,156.75,nan,0.00,0.03,79.00,0.0000,0.0000
2017-08-25 21:54,156.12,nan,0.00,0.03,79.00,0.0000,0.0000
2017-08-25 21:56,155.50,nan,0.00,0.03,79.00,0.0000,0.0000
2017-08-25 21:58,154.87,nan,0.00,0.03,79.00,0.0000,0.0000
2017-08-25 22:00,154.26,nan,0.00,0.03,79.00,0.0000,0.0000
2017-08-25 22:02,153.64,nan,0.00,0.03,78.99,0.0000,0.0000
2017-08-25 22:04,153.03,nan,0.00,0.03,78.99,0.0000,0.0000
2017-08-25 22:06,152.42,nan,0.00,0.03,78.99,0.0000,0.0000
2017-08-25 22:08,151.82,nan,0.00,0.03,78.98,0.0000,0.0000
2017-08-25 22:10,151.22,nan,0.00,0.03,78.98,0.0000,0.0000
2017-08-25 22:12,150.62,nan,0.00,0.03,78.98,0.0000,0.0000
2017-08-25 22:14,150.02,nan,0.00,0.03,78.98,0.0000,0.0000
2017-08-25 22:16,149.43,nan,0.00,0.03,78.97,0.0000,0.0000
2017-08-25 22:18,148.85,nan,0.00,0.03,78.97,0.0000,0.0000
2017-08-25 22:20,148.26,nan,0.00,0.03,78.97,0.0000,0.0000
2017-08-25 22:22,147.68,nan,0.00,0.03,78.97,0.0000,0.0000
2017-08-25 22:24,147.10,nan,0.00,0.03,78.96,0.0000,0.0000
2017-08-25 22:26,146.52,nan,0.00,0.03,78.96,0.0000,0.0000
2017-08-25 22:28,145.95,nan,0.00,0.03,78.96,0.0000,0.0000
2017-08-25 22:30,145.38,nan,0.00,0.03,78.96,0.0000,0.0000
2017-08-25 22:32,144.82,nan,0.00,0.03,78.96,0.0000,0.0000
2017-08-25 22:34,144.25,nan,0.00,0.03,78.95,0.0000,0.0000
2017-08-25 22:36,143.69,nan,0.00,0.03,78.95,0.0000,0.0000
2017-08-25 22:38,143.14,nan,0.00,0.03,78.95,0.0000,0.0000
2017-08-25 22:40,142.58,nan,0.00,0.03,78.94,0.0000,0.0000
2017-08-25 22:42,142.03,nan,0.00,0.03,78.94,0.0000,0.0000
2017-08-25 22:44,141.48,nan,0.00,0.03,78.94,0.0000,0.0000
2017-08-25 22:46,140.94,nan,0.00,0.03,78.94,0.0000,0.0000
2017-08-25 22:48,140.39,nan,0.00,0.03,78.94,0.0000,0.0000
2017-08-25 22:50,139.85,nan,0.00,0.03,78.93,0.0000,0.0000
2017-08-25 22:52,139.32,nan,0.00,0.03,78.93,0.0000,0.0000
2017-08-25 22:54,138.78,nan,0.00,0.03,78.93,0.0000,0.0000
2017-08-25 22:56,138.25,nan,0.00,0.03,78.93,0.0000,0.0000
2017-08-25 22:58,137.72,nan,0.00,0.03,78.93,0.0000,0.0000
2017-08-25 23:00,137.20,nan,0.00,0.03,78.93,0.0000,0.0000
2017-08-25 23:02,136.68,nan,0.00,0.03,78.92,0.0000,0.0000
2017-08-25 23:04,136.16,nan,0.00,0.03,78.92,0.0000,0.0000
2017-08-25 23:06,135.64,nan,0.00,0.03,78.92,0.0000,0.0000
2017-08-25 23:08,135.12,nan,0.00,0.03,78.88,0.0000,0.0000
2017-08-25 23:10,134.61,nan,0.00,0.03,78.86,0.0000,0.0000
2017-08-25 23:12,134.10,nan,0.00,0.03,78.84,0.0000,0.0000
2017-08-25 23:14,133.60,nan,0.00,0.03,78.80,0.0000,0.0000
2017-08-25 23:16,133.09,nan,0.00,0.03,78.78,0.0000,0.0000
2017-08-25 23:18,132.59,nan,0.00,0.03,78.78,0.0000,0.0000
2017-08-25 23:20,132.09,nan,0.00,0.03,78.78,0.0000,0.0000
2017-08-25 23:22,131.60,nan,0.00,0.03,78.77,0.0000,0.0000
2017-08-25 23:24,131.10,nan,0.00,0.03,78.77,0.0000,0.0000
2017-08-25 23:26,130.61,nan,0.00,0.03,78.77,0.0000,0.0000
2017-08-25 23:28,130.12,nan,0.00,0.03,78.77,0.0000,0.0000
2017-08-25 23:30,129.64,nan,0.00,0.03,78.77,0.0000,0.0000
2017-08-25 23:32,129.15,nan,0.00,0.03,78.77,0.0000,0.0000
2017-08-25 23:34,128.67,nan,0.00,0.03,78.76,0.0000,0.0000
2017-08-25 23:36,128.19,nan,0.00,0.03,78.76,0.0000,0.0000
2017-08-25 23:38,127.72,nan,0.00,0.03,78.76,0.0000,0.0000
2017-08-25 23:40,127.24,nan,0.00,0.03,78.76,0.0000,0.0000
2017-08-25 23:42,126.77,nan,0.00,0.03,78.76,0.0000,0.0000
2017-08-25 23:44,126.30,nan,0.00,0.03,78.75,0.0000,0.0000
2017-08-25 23:46,125.84,nan,0.00,0.03,78.72,0.0000,0.0000
2017-08-25 23:48,125.37,nan,0.00,0.03,78.70,0.0000,0.0000
2017-08-25 23:50,124.91,nan,0.00,0.03,78.69,0.0000,0.0000
2017-08-25 23:52,124.45,nan,0.00,0.03,78.69,0.0000,0.0000
2017-08-25 23:54,124.00,nan,0.00,0.03,78.69,0.0000,0.0000
2017-08-25 23:56,123.54,nan,0.00,0.03,78.69,0.0000,0.0000
2017-08-25 23:58,123.09,nan,0.00,0.03,78.68,0.0000,0.0000
2017-08-26 00:00,122.64,nan,0.00,0.03,78.68,0.0000,0.0000
