,08076500_sim,08076500_obs,08075900_sim,08075900_obs,08076000_sim,08076000_obs,08076180_sim,08076180_obs,08076700_sim,08076700_obs
2017-08-25 12:00:00,0.0,0.20161561600000003,0.0,0.5097024,0.0,1.02506816,0.0,0.41908864,0.0,
2017-08-25 12:15:00,3.7682491039479222,0.20161561600000003,0.0,0.5097024,0.0003688858863754718,1.02506816,0.005370488896573712,0.40493024,2.5305297239743605,
2017-08-25 12:30:00,5.56821459223932,0.20161561600000003,0.0,0.5097024,5.688109836175201e-05,1.02506816,2.082203708018684,0.39077184,0.6757788509836377,
2017-08-25 12:45:00,21.78006420219336,0.20161561600000003,0.0,0.5097024,0.006842104047147827,1.02506816,2.0773860052050734,0.38510848,0.23858369267364685,
2017-08-25 13:00:00,27.504176477768432,0.1911384,0.0,0.5097024,0.011076511923025677,1.02506816,0.2583548654755455,0.37661344,0.10090255910223812,
2017-08-25 13:15:00,37.71732737554376,0.1911384,2.5211293886883905,0.5097024,0.00787852506095547,1.0052464,3.2248756761281445,0.37095008,0.04673383074761461,
2017-08-25 13:30:00,43.42812924022323,0.20161561600000003,2.4075809976430897,0.495544,0.005661556295440157,1.02506816,3.924006966456527,0.39926688,0.04046055298683369,
2017-08-25 13:45:00,46.99251178223439,0.20161561600000003,1.9853607944869527,0.495544,0.004042932164179911,1.02506816,4.114280722309715,0.39077184,5.109542976544922,
2017-08-25 14:00:00,49.88059320966067,0.20161561600000003,1.6550935574157324,0.495544,0.04488677855569905,1.0052464,4.186119462586451,0.39077184,2.624460390806491,
2017-08-25 14:15:00,51.662728405404515,0.20161561600000003,1.4146187218752841,0.46156384,0.11836985225731311,1.04488992,4.194892459416405,0.4672272,0.8105409377301462,
2017-08-25 14:30:00,51.871698357814694,0.20161561600000003,1.292537244996045,0.495544,0.15948335390389518,1.08736512,4.166774525320715,0.51819744,0.41593714180609104,
2017-08-25 14:45:00,51.12489344999534,0.21209283199999998,1.249613736516822,0.495544,0.34865252063963625,1.10718688,4.090147196891503,0.5521775999999999,0.447065232229665,
2017-08-25 15:00:00,49.541672103548485,0.24635616,1.240181972300883,0.5351875199999999,1.3653578668182935,1.17231552,3.980749382543037,0.60031616,0.31039744179119283,
2017-08-25 15:15:00,47.23096427386635,0.283168,1.2340140343592734,0.58615776,1.927557013189168,1.17231552,3.848534073128805,0.65978144,0.25583260424577875,
2017-08-25 15:30:00,44.648970415700674,0.30582144,1.216500148593487,0.61447456,2.280444083520135,1.2176223999999998,3.712396829020771,0.6796032,0.29523752065721653,
2017-08-25 15:45:00,41.884764973783724,0.31997984,1.1834376158752562,0.60031616,2.5947664564148147,1.2402758399999998,3.5657913693253906,0.69092992,0.26613420338168364,
2017-08-25 16:00:00,38.96319073973202,0.31997984,1.137797568049626,0.6427913599999999,2.8481491929603022,1.30823616,3.4072954200624044,0.7475635199999999,0.21794929870787638,
2017-08-25 16:15:00,36.0363057601159,0.35679168,1.0817365554258256,0.6427913599999999,3.0452156481961854,1.42433504,3.2516411836433714,0.7362368,0.17247918683015995,
2017-08-25 16:30:00,33.13985950809335,0.3822768,1.019614655854629,0.6427913599999999,3.165119720316854,1.49795872,3.092650173578332,0.69092992,0.13950291401544282,
2017-08-25 16:45:00,30.45848165159202,0.39643520000000004,0.9519450355246863,0.6569497599999999,3.2920805983628556,1.57441408,2.9437256420085287,0.6796032,0.11987732516082392,
2017-08-25 17:00:00,27.894477569457575,0.41059359999999995,0.8842895749057679,0.6569497599999999,3.4170812453861426,1.628216,2.785390393113679,0.65978144,0.1099155699924945,
2017-08-25 17:15:00,25.57013805499148,0.39643520000000004,0.8180718240795333,0.68526656,3.464849784001416,1.6820179199999998,2.735471259279638,0.6484547199999999,0.101034727544108,
2017-08-25 17:30:00,23.43941866391361,0.3822768,0.7547969364426781,0.68526656,3.4077066437581505,1.70750304,3.485994505730201,0.6484547199999999,0.09113560873527045,
2017-08-25 17:45:00,21.544670985581877,0.37095008,0.6953069198449304,0.69942496,3.4179967405662293,1.76130496,4.875267745893752,0.6484547199999999,0.07749208900473582,
2017-08-25 18:00:00,20.050935193296606,0.35679168,0.6400879690242431,0.69942496,3.451940126452706,1.81510688,6.324991251929867,0.65978144,0.5041093827426143,
2017-08-25 18:15:00,18.366597144599417,0.34263328,0.5923004313191311,0.71641504,3.4927889340119473,1.8405919999999998,7.584914560402152,0.67110816,1.1286482135712712,
2017-08-25 18:30:00,16.76794460298981,0.33130656,0.5489708569180293,0.71641504,3.5553048313737365,1.8972256,9.021935672512823,0.67110816,1.1462026506718292,
2017-08-25 18:45:00,15.395816096225108,0.31997984,0.5090953615074096,0.71641504,3.6098618778535347,1.8972256,10.607972497107896,0.67110816,1.1307375923559508,
2017-08-25 19:00:00,14.12682700501802,0.37095008,0.4737340899626921,0.6569497599999999,3.653756309394795,2.0104928,12.036958181877187,0.72491008,1.0109885037591373,
2017-08-25 19:15:00,12.964018347214468,0.46156384,0.44186431241714563,0.69942496,3.6926790341777096,2.15774016,13.739388350276704,0.86649408,1.3363196784197635,
2017-08-25 19:30:00,11.937330067795411,0.43607872,0.4126147166329079,0.7617219199999999,3.7402975479707217,2.22003712,15.30065519466896,0.99958304,1.3553371510565762,
2017-08-25 19:45:00,11.006346407910296,0.42192032,0.3858440449307891,0.8551673599999999,3.805820915992192,2.2511856,16.556289389934697,1.02789984,1.3246740317083283,
2017-08-25 20:00:00,9.918390046721424,0.47572224,0.3613507800114845,0.9061376,3.8759045886118138,2.34463104,17.27147485096063,1.01374144,1.3339982313985768,
2017-08-25 20:15:00,8.96073605823843,0.54651424,0.3388701550177994,0.9061376,3.9286661638217764,2.54568032,17.98201931103302,0.98542464,1.775918194603078,
2017-08-25 20:30:00,8.203695096243736,0.6569497599999999,0.31805975280558985,0.9061376,3.9617824618537902,2.7184128,18.71370465537858,1.02789984,1.7909817591600599,
2017-08-25 20:45:00,7.530573514856173,0.69092992,0.2987803651443068,0.92312768,3.976844040252049,2.82035328,19.244711221774644,1.11568192,1.7392778191237221,
2017-08-25 21:00:00,6.938630885223286,0.67393984,0.2809605981400221,0.97409792,3.974443258598507,2.9449472,19.67629286144785,1.24310752,3.4239705956079374,
2017-08-25 21:15:00,6.413980283886127,0.6569497599999999,0.2644566841609022,1.00807808,3.9572460648569696,3.0865312,19.923973108992694,1.30823616,9.606379343613131,
2017-08-25 21:30:00,5.950366409147673,0.6569497599999999,0.24905330970639858,1.02506816,3.929431072240139,3.1714816000000003,20.02516254805204,1.30823616,17.376408998807854,
2017-08-25 21:45:00,5.540508166333207,0.6569497599999999,0.23482032398491143,1.02506816,3.8943438709223983,3.3696992,19.99989031519347,1.30823616,24.846671573781677,
2017-08-25 22:00:00,5.172288854000381,0.63995968,0.22225807582811152,1.02506816,3.854194604341313,3.4829663999999996,19.88409142617544,1.36203808,31.197467688325087,
2017-08-25 22:15:00,4.843424784504313,0.6088111999999999,0.2135701517869075,1.06188,3.810092485990776,3.5112832000000003,19.702561339020633,1.37902816,36.829501605776635,
2017-08-25 22:30:00,4.555256393633785,0.6088111999999999,0.21431354672640668,1.04488992,3.7631254481529757,3.5396,19.50081993758921,1.41017664,41.93686614314204,
2017-08-25 22:45:00,4.288126061520502,0.57766272,0.23406325209052492,1.04488992,3.714647031756675,3.6811839999999996,19.269174341577923,1.4724736,46.39020156364453,
2017-08-25 23:00:00,4.045056784030191,0.56350432,0.2854705665285511,1.04488992,3.6653974939522236,3.7095008000000003,19.00322363805262,1.486632,50.27660053492946,
2017-08-25 23:15:00,3.8663187986130816,0.56350432,0.3801921086114002,1.02506816,3.6161091122880715,3.7095008000000003,18.721321057121074,1.54892896,53.62860081345896,
2017-08-25 23:30:00,3.9190379757351184,0.54651424,0.5203690855303772,1.04488992,3.566546138723091,3.7095008000000003,18.427459009540335,1.58007744,56.40577649490462,
2017-08-25 23:45:00,4.325577100636925,0.54651424,0.6835758684463961,1.00807808,3.516993718451977,3.7944512,18.127354770152536,1.63104768,58.66375265744261,
2017-08-26 00:00:00,5.043655560776796,0.53235584,0.8391803011399214,1.00807808,3.468590495326335,3.7944512,17.819419635141543,1.69617632,60.43100331704196,
2017-08-26 00:15:00,5.950359614345966,0.53235584,0.9821213526387466,1.02506816,3.4220168267710664,3.7944512,17.50323384164609,1.74714656,61.71355231677365,
2017-08-26 00:30:00,6.918812117122386,0.53235584,1.1051765344710716,1.02506816,3.377182029968066,3.7378176,17.18572613977601,1.7981168,62.61115748573417,
2017-08-26 00:45:00,7.870331484600133,0.53235584,1.205405529946089,1.00807808,3.334054648649747,3.7944512,16.87011640879139,1.83492864,63.170299679899934,
2017-08-26 01:00:00,8.771916120764374,0.56350432,1.2714421535667595,0.97409792,3.292865189233155,3.7095008000000003,16.56061980628639,1.83492864,63.42158632717926,
2017-08-26 01:15:00,9.714385937474853,0.57766272,1.3139567209935603,1.00807808,3.2527144319108556,3.6811839999999996,16.257735049216844,1.90572064,63.39550285005008,23.3047264
2017-08-26 01:30:00,10.762915863592978,0.59182112,1.332626301251179,0.991088,3.21441460033371,3.5962336,15.952551541111474,1.88873056,63.11752886465003,23.5878944
2017-08-26 01:45:00,11.735266887138216,0.59182112,1.3313318474354319,0.991088,3.1776650052937367,3.5679168,15.646586387242007,1.90572064,62.61586786415164,24.352448000000003
2017-08-26 02:00:00,12.670508723458529,0.59182112,1.3189370686935917,0.97409792,3.1423165584979857,3.5112832000000003,15.349473963634573,1.92271072,61.929905588202296,25.258585600000004
2017-08-26 02:15:00,13.585496164844654,0.62580128,1.2984402261504597,0.991088,3.108262453594883,3.4829663999999996,15.050520383405473,1.92271072,61.08966136680516,26.1080896
2017-08-26 02:30:00,14.469790710656753,0.63995968,1.2724125782499596,0.991088,3.075337685104562,3.4546496,14.751343960377536,1.94253248,60.124918225577396,26.561158399999997
2017-08-26 02:45:00,15.264641949549867,0.6569497599999999,1.2426708435446254,1.00807808,3.043739021086897,3.3413824,14.435141609210497,1.90572064,59.03337541816844,26.617792
2017-08-26 03:00:00,15.963008734273862,0.6569497599999999,1.21048453204729,1.00807808,3.013265503308646,3.256432,14.11696532439467,1.90572064,57.86199196413955,26.419574400000002
2017-08-26 03:15:00,16.56392592941192,0.67393984,1.1769681944413481,1.1185136,2.983433636012788,3.1997984,13.798701929508303,1.95952256,56.67375529711385,26.277990399999997
2017-08-26 03:30:00,17.053156183729122,0.69092992,1.1423501721832172,1.15532544,2.953424035570451,3.1431647999999996,13.470953530129872,1.92271072,55.54731877987755,26.4478912
2017-08-26 03:45:00,17.422664710300698,0.69092992,1.1086017835208977,1.1751472,2.92448950684397,3.114848,13.154144415870094,2.01615616,54.38900469755648,26.844326399999996
2017-08-26 04:00:00,17.670042565281943,0.70792,1.0733839209907015,1.31106784,2.896602594150218,3.0865312,12.847770616063016,1.99916608,53.08692076583586,26.9859104
2017-08-26 04:15:00,17.80650530917152,0.70792,1.0364950056907436,1.31106784,2.869596464408082,2.973264,12.549447236815574,2.05579968,51.71069758543292,26.844326399999996
2017-08-26 04:30:00,17.81450552050766,0.69092992,1.001543047821867,1.39318656,2.8432230083010785,2.8883136,12.234654994185268,1.97934432,50.29598813337023,26.504524800000002
2017-08-26 04:45:00,17.723388726850075,0.73906848,0.967183932544153,1.41300832,2.8173268011288592,2.9449472,11.920710896166291,1.97934432,48.85195924832904,26.277990399999997
2017-08-26 05:00:00,17.58049865459679,0.72491008,0.9336227159816439,1.43566176,2.791781845318301,2.8883136,11.626314754267417,1.95952256,47.38934236111674,26.1080896
2017-08-26 05:15:00,17.39051114114133,0.73906848,0.9008296753701184,1.47813696,2.7664391638336228,2.8599968,11.342263287232582,1.8689088,45.95639790849867,26.277990399999997
2017-08-26 05:30:00,17.153956075712937,0.7560585599999999,0.8689589148866573,1.49795872,2.741753967623346,2.8883136,11.078368703913938,1.88873056,44.60815685538521,26.759376
2017-08-26 05:45:00,16.876597988917993,0.7730486400000001,0.8381186035750979,1.5857408000000002,2.7176170181755412,2.8883136,10.831179408789142,1.85191872,43.25123585136683,27.495612800000004
2017-08-26 06:00:00,16.577472115970878,0.79003872,0.8082424358589576,1.5857408000000002,2.693408991291727,2.8883136,10.594443639251464,1.81510688,41.81189055153779,28.3168
2017-08-26 06:15:00,16.232196515744484,0.7730486400000001,0.7793458398423347,1.5857408000000002,2.6701549195651086,2.9449472,10.348315357720306,1.85191872,40.322523473982216,28.883136
2017-08-26 06:30:00,15.847038705010526,0.7560585599999999,0.7513970169599713,1.63104768,2.647054614355107,2.973264,10.098062489709033,1.81510688,38.796349677008166,29.166303999999997
2017-08-26 06:45:00,15.453501766274638,0.7730486400000001,0.7254624669815793,1.699008,2.6247188607414698,3.0015807999999997,9.848575365353327,1.73015648,37.272691372902116,29.166303999999997
2017-08-26 07:00:00,15.057296644066751,0.7560585599999999,0.7011352516541662,1.67635456,2.6023319151177287,3.0582144,9.568261971410633,1.74714656,35.80917723251649,29.166303999999997
2017-08-26 07:15:00,14.669854736359564,0.7560585599999999,0.6788826935999448,1.699008,2.579958930425766,3.1714816000000003,9.30265885349054,1.73015648,34.439143724320594,28.883136
2017-08-26 07:30:00,14.287873804264189,0.73906848,0.6575592858217677,1.699008,2.5576511509108864,3.2281152000000004,9.054696042572859,1.66219616,33.11577293256624,28.3168
2017-08-26 07:45:00,13.906791192829974,0.73906848,0.6369866543592424,1.67635456,2.5354745846949878,3.3130656000000003,8.817531890023387,1.64520608,31.85900579343482,27.750464
2017-08-26 08:00:00,13.530151402823337,0.72491008,0.6169415943977907,1.7698,2.5133867321907926,3.3413824,8.593307893413199,1.5659190399999998,30.68208759860696,27.0991776
2017-08-26 08:15:00,13.166036044759622,0.69092992,0.5976013423433824,1.81510688,2.4914246750777327,3.4546496,8.38986720757371,1.5007903999999999,29.587932834253714,26.561158399999997
2017-08-26 08:30:00,12.81027963171028,0.67393984,0.5790894517986737,1.86324544,2.4696749558549453,3.5962336,8.159695108909109,1.53193888,28.576911933247903,25.9665056
2017-08-26 08:45:00,12.446171813243186,0.91463264,0.561148607123021,1.95952256,2.448170793906083,3.6811839999999996,7.9390328085203254,1.4724736,27.746778303053226,25.6833376
2017-08-26 09:00:00,12.074482337826021,1.24310752,0.5448402890152081,2.26817568,2.426921634966181,3.9077184000000003,7.732495839622964,1.4724736,27.32184041743758,25.6833376
2017-08-26 09:15:00,11.711353222185796,1.6706912,0.5293355710203623,3.0298976000000004,2.4059964196744414,4.0209856,7.542890077757454,2.05579968,27.027179612718623,25.768288000000002
2017-08-26 09:30:00,11.359227934544315,2.04164128,0.5144037656463377,3.5396,2.3853395485887927,4.3607872,7.364873906117986,2.61647232,26.794690463505074,25.6833376
2017-08-26 09:45:00,11.022751902187155,2.35312608,0.5000290228878356,4.4740544,2.364975073299323,4.7005888,7.18341427597774,2.4210863999999996,26.493371651111072,25.343536
2017-08-26 10:00:00,10.699687445339675,2.60797728,0.4862027282108401,4.95544,2.345243100261339,5.153657599999999,7.011591982511844,2.2766707200000003,26.102721626556963,25.117001600000002
2017-08-26 10:15:00,10.391854674666057,2.973264,0.4729112789594677,5.521776,2.3261287920382405,5.4934592,6.843398749859418,2.194552,25.75555846079156,25.117001600000002
2017-08-26 10:30:00,10.10049157032986,3.0298976000000004,0.4601101983254287,6.880982400000001,2.3074613012684924,5.804944,6.687993786465969,2.55417536,25.532479710757517,25.117001600000002
2017-08-26 10:45:00,9.827922980833227,3.1714816000000003,0.44774027654181336,7.5889024,2.289133019540358,6.314646400000001,6.618933910978041,3.2281152000000004,25.45035359549245,25.1736352
2017-08-26 11:00:00,9.562341928905097,3.1997984,0.43587114127575544,8.183555199999999,2.2711815330477028,6.9092992,6.680256864864316,4.0493024,25.510547635739933,25.060368
2017-08-26 11:15:00,9.306094717915252,3.256432,0.4244815811092422,8.3817728,2.2537943643922813,7.645536,6.710525769382966,4.2758368,26.005304748466045,24.9754176
2017-08-26 11:30:00,9.06802311302041,3.3696992,0.41354978679882937,9.6560288,2.2383458976348933,8.7215744,6.6385205743185605,4.559004799999999,27.42477509051528,25.117001600000002
2017-08-26 11:45:00,8.839291765769028,3.7378176,0.4030660666201006,11.0718688,2.2281414944221605,10.2223648,6.512069989864625,4.7572224,29.220733535264483,25.768288000000002
2017-08-26 12:00:00,8.621021835978024,5.6067264,0.39305912523461684,12.3744416,2.2332411199220994,13.393846400000001,6.354203507371219,4.5023712,31.080974046432072,26.8160096
2017-08-26 12:15:00,8.41578679795434,7.4190016000000005,0.38397354564141967,20.189878399999998,2.254783724634823,16.565328,6.186927104160255,5.238608,33.155189521699036,27.9486816
2017-08-26 12:30:00,8.222879469581354,8.240188799999999,0.37673358979140004,38.510847999999996,2.3368185996672586,20.473046399999998,6.0242913498081405,6.1164288,35.41542859658675,29.449471999999997
2017-08-26 12:45:00,8.043586195274436,9.740979199999998,0.37236188225471895,58.615776000000004,2.5581186060276635,24.3241312,5.869478688210565,7.362367999999999,37.35780738793989,30.298976
2017-08-26 13:00:00,7.875992635447322,12.714243199999999,0.37125085792168877,88.065248,2.725990919113518,30.298976,5.723134741961507,8.9481088,38.649417180031755,33.413824
2017-08-26 13:15:00,7.719059405017563,15.8007744,0.37318483171126426,116.382048,3.014010276976083,46.72272,5.584286826804967,11.6382048,41.73486401490601,38.22768
2017-08-26 13:30:00,7.572006754484895,19.708492800000002,0.3773839199232545,134.5048,4.28037400832642,70.225664,5.45451046572834,14.016816,49.08045582173794,46.72272
2017-08-26 13:45:00,7.433751946040064,22.4269056,0.38275096534268815,145.548352,5.860540539571682,94.294944,5.332464881326255,18.2077024,60.7657383539755,60.03161600000001
2017-08-26 14:00:00,7.303431770289958,24.833833600000002,0.3880552182040131,151.49488,7.2527573745392955,116.948384,5.21330852154893,24.918784,75.75290975375894,73.340512
2017-08-26 14:15:00,7.183560835166451,26.8726432,0.3923532573162298,153.477056,8.014323735539802,136.770144,5.143217747346831,30.865312,90.24236294708852,84.667232
2017-08-26 14:30:00,7.079502771084329,28.599968,0.39499124746915043,152.34438400000002,7.946937591161295,153.760224,4.4116352510175965,36.528672,100.19730660032691,94.294944
2017-08-26 14:45:00,6.999165133240283,30.582144,0.39563974048583733,148.946368,7.587698734796019,168.768128,4.45570899938801,41.625696000000005,107.33482099462705,103.639488
2017-08-26 15:00:00,6.95292260051221,31.714816,0.39425395554218795,144.698848,7.271194213042009,180.66118400000002,5.364258039526947,45.873216,112.22603404422597,113.2672
2017-08-26 15:15:00,6.944678577692297,33.130656,0.39098373150319105,139.601824,7.002690220888339,188.87305600000002,5.783327881654594,50.970240000000004,114.6969603522201,121.76224
2017-08-26 15:30:00,6.958799636386851,34.263328,0.38608058491306874,133.655296,6.758060993978503,194.253248,5.8943777288913175,55.500928,115.80129189583809,131.106784
2017-08-26 15:45:00,6.972410839413816,35.396,0.379819328192007,127.4256,6.542178193984919,197.93443200000002,5.887713647148852,60.314784,117.57228394335743,140.451328
2017-08-26 16:00:00,6.972549722174472,36.245504,0.3725372240334733,123.17808000000001,6.3131334330859765,201.615616,5.825889485707137,64.845472,122.1592468551422,149.512704
2017-08-26 16:15:00,6.955229060735283,36.811840000000004,0.364509421509319,118.081056,6.083329209767215,204.164128,5.730728697769212,69.09299200000001,126.94285257443482,157.72457599999996
2017-08-26 16:30:00,6.921234651496498,37.378176,0.3559256491589359,112.700864,5.868451247772882,204.447296,5.614171145105351,72.491008,129.83147411523808,167.635456
2017-08-26 16:45:00,6.8732704355015315,37.661344,0.34700584355289393,107.88700800000001,5.666400931082092,204.164128,5.492736603479173,75.322688,131.960673002728,175.847328
2017-08-26 17:00:00,6.8165117317109685,37.944512,0.33791711669501223,103.639488,5.4663698158864396,202.181952,5.370627095489214,77.588032,134.2160520751094,183.77603200000001
2017-08-26 17:15:00,6.761364648389677,38.510847999999996,0.3288001231913754,100.807808,5.272869409481104,201.332448,5.244134719506685,79.570208,136.91297580958766,193.120576
2017-08-26 17:30:00,6.7221752260309735,38.510847999999996,0.3197535748484592,101.374144,5.09904652170677,199.916608,5.11461357155387,80.986048,139.8717170096129,203.031456
2017-08-26 17:45:00,6.723551727369756,38.794016,0.3108740557441971,99.1088,4.931689286652013,198.783936,4.981987056026273,82.11872,142.9565474255859,209.54432
2017-08-26 18:00:00,6.793315448095474,38.794016,0.30217754158021937,95.99395200000001,4.7657408490825555,196.518592,4.847944043778806,82.685056,145.81996207038117,218.32252799999998
2017-08-26 18:15:00,6.917706404251343,38.794016,0.29373225332811553,92.595936,4.601712147305542,195.38592,4.717430003888164,83.25139200000001,148.43787372432737,226.5344
2017-08-26 18:30:00,7.059483715854896,38.510847999999996,0.285560738858893,89.19792,4.440540348292289,192.271072,4.587978044921761,83.53456,150.50732050968733,231.914592
2017-08-26 18:45:00,7.191347057252245,38.22768,0.2776709773164826,85.233568,4.28103771684688,189.72256000000002,4.461850745370668,83.817728,152.07145476827145,238.144288
2017-08-26 19:00:00,7.300775678721697,37.661344,0.27005684135929403,81.269216,4.125723379903423,186.60771200000002,4.335546692703048,83.53456,152.98260217467762,243.807648
2017-08-26 19:15:00,7.379608264119522,37.378176,0.2627160480486409,77.02169599999999,3.9742025860840973,183.209696,4.214053597640967,83.53456,153.33690030783,251.170016
2017-08-26 19:30:00,7.42657810559815,36.811840000000004,0.25564510181238004,73.057344,3.8183498243439065,180.09484799999996,4.099033884088507,83.25139200000001,153.17776567761013,255.13436800000002
2017-08-26 19:45:00,7.4421355208544835,36.245504,0.24883122100765398,69.37616,3.668575104847439,176.696832,3.9874944398206544,83.25139200000001,152.5242262542483,261.9304
2017-08-26 20:00:00,7.42840072962339,35.679168,0.24226708504018768,65.411808,3.549253007812237,172.44931200000002,3.8800103076372436,82.685056,151.4144064914623,263.912576
2017-08-26 20:15:00,7.388467431440233,34.829664,0.23594848395338291,62.29696,3.4494427963162564,169.051296,3.776170270950062,82.685056,149.90476533518546,270.14227200000005
2017-08-26 20:30:00,7.3256748293651,34.263328,0.22986635267301747,58.89894399999999,3.353793822161721,164.803776,3.677423874383018,82.401888,148.056804851785,274.106624
2017-08-26 20:45:00,7.243785529249539,33.696992,0.22400486975951486,55.784096,3.263380438775049,161.40576000000001,3.584349786894279,81.83555199999998,145.89781525279435,278.637312
2017-08-26 21:00:00,7.146338884583516,32.847488,0.21835277231643999,52.95241600000001,3.178503331978146,157.72457599999996,3.4971358064673455,81.552384,143.47092578420572,280.902656
2017-08-26 21:15:00,7.036652695139231,31.997984000000002,0.2128914242416184,50.403904,3.098309002730299,154.609728,3.4147504121418675,80.986048,140.81683318419783,285.99967999999996
2017-08-26 21:30:00,6.918359876091139,31.431648,0.2075747304207586,49.5544,3.0265126967967526,150.928544,3.3368241469330053,80.136544,137.99612486730032,288.83136
2017-08-26 21:45:00,6.793786963330592,30.582144,0.20240848300037464,48.988064,2.961682562966949,148.380032,3.2596307502908406,79.28704,135.12355834513528,291.66303999999997
2017-08-26 22:00:00,6.665178239109422,30.015808000000003,0.19743205065926908,46.72272,2.8977969156975747,145.265184,3.188981444174067,78.437536,132.21678357916173,288.83136
2017-08-26 22:15:00,6.53517470745968,29.166303999999997,0.19263150670626966,45.023712,2.8360974409489974,142.433504,3.123734003048392,77.8712,129.29360577688573,291.66303999999997
2017-08-26 22:30:00,6.404940547506663,28.3168,0.18799309106966933,43.324704,2.7762578664837587,139.88499199999998,3.059669368374239,77.02169599999999,126.4007737708295,294.49472000000003
2017-08-26 22:45:00,6.2755080322232235,27.778780800000003,0.18350635004241297,41.625696000000005,2.7186140281919946,137.33648,2.993272944013097,76.738528,123.68077001992154,294.49472000000003
2017-08-26 23:00:00,6.148692911124448,26.929276799999997,0.17914418904957113,40.209856,2.6629413523041237,134.221632,2.9283009795840105,77.02169599999999,121.30543672870098,294.49472000000003
2017-08-26 23:15:00,6.025789752362616,26.277990399999997,0.17491994684963294,38.510847999999996,2.6100461509636075,131.67311999999998,3.21054506524007,76.45536,119.0983183447557,294.49472000000003
2017-08-26 23:30:00,5.90789699165875,25.5134368,0.1708182125733695,37.095008,2.5602805961465256,129.124608,2.6058093827436712,76.17219200000001,116.74463403698329,297.3264
2017-08-26 23:45:00,5.796364053024207,24.833833600000002,0.16685121019774687,35.679168,2.513452943340788,126.576096,2.5961036881893973,75.605856,114.37956465962104,294.49472000000003
2017-08-27 00:00:00,5.692661772187685,24.210864,0.16301247251652595,33.98016,2.471261384104871,123.461248,3.296093944648975,75.03952,112.02704597864202,294.49472000000003
2017-08-27 00:15:00,5.597101146974014,23.531260800000002,0.159294104727065,32.847488,2.4360366895487293,120.91273600000001,3.7083399890401,74.473184,109.69301780370073,294.49472000000003
2017-08-27 00:30:00,5.5105798977617875,22.795024,0.15567809600106702,31.14848,2.400207513796361,118.364224,3.853830383097047,73.906848,107.40368711619104,294.49472000000003
2017-08-27 00:45:00,5.43235279752288,22.2570048,0.1521589771804213,29.732640000000004,2.3630351174553863,115.532544,3.887476201671341,73.340512,105.2203741343874,291.66303999999997
2017-08-27 01:00:00,5.360931733658993,21.4358176,0.14876060648925443,28.599968,2.326197053408119,112.98403200000001,3.865941208353668,72.774176,103.0937129441304,291.66303999999997
2017-08-27 01:15:00,5.294749535977215,20.8977984,0.1454772986983449,27.438979200000002,2.2904704255032944,110.71868799999999,3.8149064895852973,71.641504,101.02376443310976,285.99967999999996
2017-08-27 01:30:00,5.232486266637928,20.2748288,0.1423023547861395,26.7027424,2.2560667538349817,107.88700800000001,3.7498670614709164,71.075168,98.98694759178211,288.83136
2017-08-27 01:45:00,5.173750730657698,19.6518592,0.13923198829829314,25.626704,2.223312869913091,105.621664,3.677398923007798,69.94249599999999,96.98890927065683,288.83136
2017-08-27 02:00:00,5.118302519008815,19.2837408,0.1362543315871712,25.0886848,2.191409518438893,103.07315200000001,3.5979326900300417,68.809824,95.03501045334966,285.99967999999996
2017-08-27 02:15:00,5.064368469263069,18.6041376,0.1333646953690421,24.833833600000002,2.160530633929895,100.52464,3.5168003366186658,67.96032,93.11099238143548,282.318496
2017-08-27 02:30:00,5.013182662619684,18.405920000000002,0.1305639722423961,25.371852800000003,2.1315593795358057,98.259296,3.436115104715827,66.827648,91.21507346448925,282.318496
2017-08-27 02:45:00,4.964995590722498,18.1510688,0.12784914224819913,29.166303999999997,2.1177277291954426,96.27712,3.3534445242168602,65.694976,89.3655290883319,279.203648
2017-08-27 03:00:00,4.919939056999235,18.575820800000002,0.12521748263290167,34.546496000000005,2.22183393201054,95.144448,3.2720338635948942,64.562304,87.58320751162333,275.522464
2017-08-27 03:15:00,4.8778890152966214,19.11384,0.12266484609384302,41.625696000000005,2.504683316842876,95.144448,3.1956344310650273,63.7128,85.93305250674507,276.0888
2017-08-27 03:30:00,4.838787786669074,21.832252800000003,0.12018772471792463,55.784096,2.7944874218171027,98.542464,3.12152316806548,62.863296,84.52938672033865,273.540288
2017-08-27 03:45:00,4.802465732368909,25.7966048,0.1177839967148873,88.348416,3.0281210965673875,108.736512,3.0520717710920158,63.429632,87.29670743779182,277.221472
2017-08-27 04:00:00,4.768666956695224,31.14848,0.11545215140134128,120.629568,3.491026805069216,123.74441599999999,2.985013205232654,65.12864,98.36982041218505,285.99967999999996
2017-08-27 04:15:00,4.737137366777864,35.679168,0.1137018132611128,150.07904,4.0638123739147805,144.41568,2.9240264642471425,67.96032,122.41840992488925,294.49472000000003
2017-08-27 04:30:00,4.707778635861051,40.209856,0.1211773628474203,177.82950400000001,4.509604142447963,165.65328,2.8676651272181,71.075168,160.68086596951704,305.82144
2017-08-27 04:45:00,5.012979115595782,45.590048,0.18326665583922916,205.013632,4.883240862829258,189.156224,2.8109083594906794,75.03952,197.65214724246783,317.14816
2017-08-27 05:00:00,6.328949771496533,50.970240000000004,0.41056979138681116,223.70272000000003,5.1240859594111505,213.50867200000002,2.7598080807486207,79.003872,217.38131493039344,328.47488
2017-08-27 05:15:00,7.502459026936755,56.6336,0.8231678123353394,235.59577599999997,5.339267935856843,236.44527999999997,2.714635237366404,82.685056,240.31114585014268,342.63327999999996
2017-08-27 05:30:00,8.406222768408108,63.7128,1.1958158632061526,243.24131200000002,5.626946238973798,250.60367999999997,2.6747878879789466,85.799904,268.91655154631684,359.62336
2017-08-27 05:45:00,8.713770985906766,70.508832,1.4099471072977074,253.43536,5.963989709270837,257.116544,2.6408016239581507,88.91475200000001,282.1845576341669,376.61344
2017-08-27 06:00:00,8.809683149277262,78.437536,1.4759360092987974,262.213568,6.315765658561137,265.045248,2.6151787172327374,94.011776,286.69350681041027,396.4352
2017-08-27 06:15:00,9.47514664810024,85.233568,1.458315910920544,271.274944,6.669815397568065,288.83136,2.6033337142562605,100.241472,288.8118956342377,416.25696
2017-08-27 06:30:00,10.453868749951944,90.896928,1.3757973015614149,277.787808,7.083969584505003,252.86902400000002,2.609642068768159,106.18799999999999,290.6688657016385,436.07872000000003
2017-08-27 06:45:00,11.163785869440007,96.27712,1.2760328257947584,281.185824,7.428784943641828,297.3264,2.6362366168350047,112.700864,295.2462221445824,458.73215999999996
2017-08-27 07:00:00,11.307289796228106,100.52464,1.1738448770434495,281.185824,7.418934767127281,285.99967999999996,2.6742086883803204,119.780064,303.1023169185065,481.3856
2017-08-27 07:15:00,11.32445282039506,103.35632,1.075084215097956,281.185824,7.260937980693616,311.4848,2.711278994703822,124.87708799999999,311.1021476440218,492.71232000000003
2017-08-27 07:30:00,11.200002427232798,105.90483200000001,0.9824627574291884,280.33632,7.130223846345346,314.31647999999996,2.751572131176693,127.99193600000001,319.9229170061766,512.53408
2017-08-27 07:45:00,10.899689783285956,107.60383999999999,0.8950107471376583,278.354144,7.1397717095977224,317.14816,2.7967637056002776,129.40777599999998,331.1336882707291,532.3558400000001
2017-08-27 08:00:00,10.663004635213765,109.58601599999999,0.8150960005481436,276.37196800000004,7.354971362592321,322.81152000000003,2.8456755191083123,132.23945600000002,344.73243186848094,543.68256
2017-08-27 08:15:00,10.25337230769282,110.71868799999999,0.7422248256886271,272.690784,7.445171670999682,322.81152000000003,2.896713900467699,137.619648,358.62901877731395,557.84096
2017-08-27 08:30:00,9.552915779260216,112.134528,0.675929059743206,270.708608,7.301572473983475,325.6432,2.948514217826857,140.451328,371.5217593991904,566.336
2017-08-27 08:45:00,9.179003461856583,112.700864,0.6164989036994353,267.59376000000003,7.116282454187881,334.13824,3.0031841954862517,144.41568,394.54674486711286,574.83104
2017-08-27 09:00:00,9.0033820095621,115.249376,0.5655074822074428,264.76208,6.942833008395919,342.63327999999996,3.060394756236203,147.530528,424.6557823847661,586.1577599999998
2017-08-27 09:15:00,9.253535910158952,116.948384,0.5192130628085551,265.611584,6.843008752076657,345.46496,3.118957120453678,152.061216,452.8449874603129,588.9894400000001
2017-08-27 09:30:00,10.891950652831177,116.948384,0.47759612968937726,265.045248,6.938871282298985,356.79168,3.178222208231911,155.176064,480.80310970897676,594.6528
2017-08-27 09:45:00,13.640071690280939,122.04540800000001,0.44139309885617256,269.0096,7.177409615023804,379.44512000000003,3.2340706835997715,163.387936,521.5864495925839,597.48448
2017-08-27 10:00:00,14.9351341596294,124.31075200000001,0.4087574589168313,272.690784,7.617422694585333,396.4352,3.288943272756428,171.31663999999998,575.511114009657,603.1478400000001
2017-08-27 10:15:00,15.756500266070447,126.576096,0.3792421986393564,274.389792,8.162678359532876,413.42528,3.3429543443522167,177.263168,608.2835368756815,611.64288
2017-08-27 10:30:00,15.802449131653665,128.84143999999998,0.35259204262721994,280.33632,8.393142769209033,410.5936,3.3961828801113985,182.077024,625.4758718663155,605.97952
2017-08-27 10:45:00,16.041993324668972,130.823616,0.32822993469863565,285.99967999999996,8.568214619177065,424.75199999999995,3.448890306048922,191.1384,638.366642551371,620.13792
2017-08-27 11:00:00,18.426568946876287,132.23945600000002,0.3058831393013104,294.49472000000003,9.202778382642066,433.24704,3.501459039026116,195.669088,649.2497663665168,665.4448
2017-08-27 11:15:00,22.814584278609004,134.5048,0.4818377028539576,305.82144,9.57573050795544,441.74208,3.554715866455086,199.916608,658.128772459624,685.2665599999999
2017-08-27 11:30:00,24.835828722575464,136.486976,0.6768106491131266,314.31647999999996,9.253528668092445,453.0688,3.613329302104144,207.845312,665.4851527231345,719.24672
2017-08-27 11:45:00,24.488504018080352,138.18598400000002,0.8961498393681585,322.81152000000003,8.882896227697778,458.73215999999996,3.6758244473412796,212.092832,671.3008288799433,727.74176
2017-08-27 12:00:00,25.71279884771748,140.734496,1.3602957226997083,331.30656,8.820769714930682,470.05888,3.744060677818076,218.888864,676.5270484029893,736.2368
2017-08-27 12:15:00,28.06942560535967,141.867168,1.8142191689641383,334.13824,9.264312717220353,489.88064,3.821641596570207,224.55222400000002,680.8928038476704,790.03872
2017-08-27 12:30:00,32.981447213869465,143.283008,2.2648758594024274,334.13824,10.390940191519617,495.54400000000004,3.9105901043168485,231.914592,684.9225023531519,815.5238400000001
2017-08-27 12:45:00,38.94293651086202,144.698848,2.95880473151608,339.8016,11.127010421668889,504.03904000000006,4.029712541096082,239.843296,690.7191724624722,824.01888
2017-08-27 13:00:00,43.98960438314983,145.265184,4.569265598703539,336.96992,11.685216256030719,509.7024,4.210971616281378,245.789824,698.7009053010648,841.00896
2017-08-27 13:15:00,48.23559338778921,146.114688,7.000337610764179,336.96992,12.049225454194296,509.7024,4.4239621902675745,258.532384,707.7421205692117,874.98912
2017-08-27 13:30:00,50.872116106735604,146.681024,8.11377836176146,336.96992,11.973840848577968,515.3657599999999,4.617867672918862,258.532384,717.6489935968334,874.98912
2017-08-27 13:45:00,52.61564326122885,146.114688,8.260054186862526,334.13824,11.909088788597128,526.6924799999999,4.7995000646332215,269.859104,738.0405948346714,900.47424
2017-08-27 14:00:00,53.76635945148511,147.24736000000001,7.594572262880602,334.13824,11.97477855424023,529.5241599999998,4.976651285970034,273.540288,765.1437845121364,931.62272
2017-08-27 14:15:00,54.49457382895061,147.24736000000001,6.564881751923516,334.13824,12.201034420567485,540.85088,5.153411220608074,275.522464,782.1947392718386,920.296
2017-08-27 14:30:00,54.76613010249396,146.39785600000002,5.4873532575507395,328.47488,12.594396596275233,540.85088,5.316565383888171,279.48681600000003,795.2024560934373,934.4544
2017-08-27 14:45:00,54.82083277381127,146.681024,4.5617970646317225,328.47488,13.108374662969714,538.0192,5.477851957671817,285.99967999999996,805.0665739622641,985.4246400000001
2017-08-27 15:00:00,54.75176170925748,147.813696,3.727422108582026,325.6432,13.761830299403575,543.68256,5.617789728402242,288.83136,811.1842764460051,999.58304
2017-08-27 15:15:00,54.650548059663414,147.530528,3.7834284638201465,322.81152000000003,14.57306467251903,549.34592,5.7480111429310465,300.15808,822.5283791183742,1016.5731199999999
2017-08-27 15:30:00,55.00139431772906,147.24736000000001,5.083632505378279,322.81152000000003,16.16844000339203,552.1776,5.844072461493739,305.82144,832.6686345780682,1030.7315199999998
2017-08-27 15:45:00,55.395256068022356,146.964192,7.236262697233314,319.97984,18.53879944169213,555.00928,5.8731458485195445,308.65312,832.6933984754594,1042.05824
2017-08-27 16:00:00,56.14859618833372,146.681024,8.738412676441456,317.14816,21.608399262211936,560.67264,5.886441979247684,308.65312,832.2124765644489,1047.7216
2017-08-27 16:15:00,57.882599697965205,146.114688,10.126296096334332,314.31647999999996,24.576073066013006,557.84096,5.883943427339155,311.4848,831.7977765334158,1067.54336
2017-08-27 16:30:00,59.88776097233451,145.83151999999998,10.987239038856748,311.4848,26.827811794690977,560.67264,5.895006559329577,317.14816,831.719144828223,1081.70176
2017-08-27 16:45:00,62.58183741064881,144.982016,11.442761990502516,311.4848,28.794248323269922,566.336,5.883013894502354,317.14816,833.1620043482716,1110.01856
2017-08-27 17:00:00,66.6512929934142,145.265184,11.598123144305477,311.4848,30.69860722928328,569.16768,5.855544970050532,322.81152000000003,835.1539670131472,1107.18688
2017-08-27 17:15:00,71.0526562794042,144.698848,11.35357955157755,311.4848,32.184311351445004,574.83104,5.787356421779455,325.6432,836.6860222302842,1118.5136
2017-08-27 17:30:00,74.53084146950631,144.698848,10.705872625538305,311.4848,33.35741907317305,583.3260799999999,5.585311529218587,331.30656,837.9367532009237,1132.672
2017-08-27 17:45:00,77.02204784924461,144.13251200000002,9.84621166029696,308.65312,34.67718992087859,586.1577599999998,5.510879974970807,336.96992,845.2179866548416,1166.6521599999999
2017-08-27 18:00:00,79.15898288169613,144.698848,9.100976622711748,308.65312,36.593499432692944,594.6528,5.576730737625309,342.63327999999996,859.3781803170218,1180.81056
2017-08-27 18:15:00,81.82530969263686,144.982016,8.489632755043525,308.65312,39.39147100653022,611.64288,5.782416691117369,351.12832000000003,891.2078272458037,1240.27584
2017-08-27 18:30:00,85.3155807614594,144.982016,7.877496720039256,308.65312,43.63155020281857,614.47456,5.973899388205189,362.45504,936.8764534472994,1234.61248
2017-08-27 18:45:00,89.86431978268782,144.41568,7.286162050591769,308.65312,47.99862602332878,625.80128,6.289958722972375,376.61344,974.9947857617674,1260.0976
2017-08-27 19:00:00,93.94066103678672,144.13251200000002,6.741454843186188,308.65312,51.33305368873182,628.6329599999999,7.005861963080039,393.60352,1009.785965850744,1277.08768
2017-08-27 19:15:00,95.19585846447175,144.13251200000002,6.271390860868003,308.65312,54.57067338441615,637.128,8.11885516693234,413.42528,1041.8549362536473,1271.4243199999999
2017-08-27 19:30:00,94.7045318164225,144.698848,5.828586428050937,311.4848,57.774187684844435,645.6230400000001,9.483079350751277,433.24704,1069.8866544735185,1279.91936
2017-08-27 19:45:00,94.3100293917323,144.698848,6.486994399837662,311.4848,60.84209136982674,656.94976,11.334565202976476,444.57375999999994,1103.4654963406972,1356.37472
2017-08-27 20:00:00,94.20280897805199,145.548352,8.922083603783324,314.31647999999996,64.26808119640536,685.2665599999999,13.995918972454174,470.05888,1144.470390766403,1342.21632
2017-08-27 20:15:00,92.48911658518007,146.114688,14.138763743867118,311.4848,68.29905772122596,665.4448,17.783393344142148,489.88064,1206.5109798444444,1410.1766400000001
2017-08-27 20:30:00,90.50629353250329,146.964192,19.557425537359908,314.31647999999996,72.93387760504774,682.43488,23.214553907271664,506.87072,1283.6320121298809,1418.6716800000002
2017-08-27 20:45:00,90.06276558336445,147.24736000000001,21.94288225833728,314.31647999999996,78.06876087871072,693.7616,29.472357967558718,512.53408,1353.3637774046765,1438.49344
2017-08-27 21:00:00,90.39914818245899,147.813696,20.777676340117978,314.31647999999996,82.70145515333135,688.09824,33.70228653189199,518.19744,1429.5020070752844,1432.8300800000002
2017-08-27 21:15:00,90.26604160921599,148.380032,19.558225869329373,314.31647999999996,87.06472009900364,705.0883200000001,35.265700175811375,535.1875200000001,1499.9288509594137,1469.64192
2017-08-27 21:30:00,91.84772420044419,148.946368,19.775487599751063,314.31647999999996,91.31571317327239,693.7616,35.68077377007791,538.0192,1557.5643137147063,1466.81024
2017-08-27 21:45:00,94.74890410794262,150.07904,21.43866591696815,317.14816,95.58549171086254,713.58336,35.72363682573495,546.5142400000001,1605.6630680282765,1512.11712
2017-08-27 22:00:00,96.71924058401689,150.362208,24.412870244007948,317.14816,100.6018511508516,696.5932799999998,36.00404267962757,549.34592,1642.9294878443493,1495.12704
2017-08-27 22:15:00,98.14338506434744,150.645376,28.840185623453497,314.31647999999996,106.22342674218197,699.4249599999998,36.98925087323669,563.50432,1668.3039696540257,1537.60224
2017-08-27 22:30:00,98.96579124301965,150.645376,33.151943413541915,314.31647999999996,112.237513816743,705.0883200000001,39.19137060032981,569.16768,1683.5694920678943,1543.2656
2017-08-27 22:45:00,99.58733525267277,150.645376,34.66444379037075,311.4848,119.80506277596199,696.5932799999998,43.372991683437746,569.16768,1701.0690650377653,1540.43392
2017-08-27 23:00:00,100.11581617136196,150.07904,33.70841850477178,308.65312,128.61107236392974,705.0883200000001,49.46519399333218,580.4944,1721.5005188101477,1577.24576
2017-08-27 23:15:00,100.49397550515297,150.07904,32.850335132242115,305.82144,138.53773217310248,699.4249599999998,57.91883515935341,580.4944,1769.023029924015,1608.39424
2017-08-27 23:30:00,100.75668922011218,149.795872,33.1355752163557,302.98976,150.34823417947644,702.2566400000001,67.29747374980607,591.8211200000001,1824.7884308847918,1616.88928
2017-08-27 23:45:00,101.04014952009747,149.795872,34.04212915821611,300.15808,162.81064754261416,722.0784,75.14947392109855,591.8211200000001,1835.858997124654,1639.54272
2017-08-28 00:00:00,101.22143203070866,148.380032,35.00852810193121,294.49472000000003,174.48471789803017,702.2566400000001,82.5395392936096,603.1478400000001,1831.0779885759325,1585.7408
2017-08-28 00:15:00,101.26288917002914,148.6632,35.96830480039739,291.66303999999997,186.05762202765249,710.75168,88.38052168161902,597.48448,1817.285145845198,1682.01792
2017-08-28 00:30:00,101.08323867058706,148.09686399999998,36.934174104442526,288.83136,199.95744481760417,702.2566400000001,92.75056763554642,611.64288,1794.6230922301208,
2017-08-28 00:45:00,100.82139580460552,147.813696,38.65449204034622,285.99967999999996,211.7052042493695,710.75168,96.22554155001332,608.8112,1770.1835862817034,
2017-08-28 01:00:00,100.39406569018682,147.813696,41.38519787508135,281.468992,220.52062697893274,682.43488,99.07110671794003,605.97952,1740.976495169815,
2017-08-28 01:15:00,100.6529416888675,146.681024,44.75671644907241,279.76998399999997,230.00325499778862,710.75168,101.39881452513049,600.31616,1703.8319770953556,
2017-08-28 01:30:00,101.2289767460759,147.24736000000001,48.42352824932688,278.92048,239.80514153792143,688.09824,103.50754311112655,600.31616,1667.2187275760941,
2017-08-28 01:45:00,100.76889382921797,146.114688,53.3385915152033,276.655136,248.3973102072575,705.0883200000001,105.12575682935014,600.31616,1630.2484167527539,
2017-08-28 02:00:00,100.2924311053969,146.114688,60.87903234184061,274.67296,255.6976876592787,710.75168,106.49821283585875,591.8211200000001,1594.6781607095772,
2017-08-28 02:15:00,99.4339628334671,146.681024,68.17064557597558,272.973952,262.209107819919,710.75168,107.52594815562111,603.1478400000001,1569.785659859973,1863.24544
2017-08-28 02:30:00,98.48247746927763,146.114688,71.69734143783772,271.84128,268.38320177113275,710.75168,107.8835335370203,597.48448,1552.4048028265443,
2017-08-28 02:45:00,97.67663378973967,145.83151999999998,74.13328209726096,271.84128,275.65407603531514,716.4150400000001,108.0776884278903,603.1478400000001,1532.4983437739747,
2017-08-28 03:00:00,97.71224006574828,144.982016,76.54713756732605,271.274944,283.7282961724408,710.75168,107.99585765628792,603.1478400000001,1516.5399470424584,
2017-08-28 03:15:00,98.4481063202551,145.548352,77.1470007848696,272.973952,290.16973480393267,696.5932799999998,106.84240089701815,608.8112,1505.6184829011538,
2017-08-28 03:30:00,98.55268530638156,146.39785600000002,75.48020168921093,282.035328,295.43384791913365,693.7616,105.12141846232436,608.8112,1497.4061643420443,
2017-08-28 03:45:00,97.25535888785485,147.813696,80.81199726926252,291.66303999999997,300.32365244536004,713.58336,103.21297995865498,617.30624,1490.74854788184,
2017-08-28 04:00:00,97.28620995062057,149.22953600000002,98.062088423974,300.15808,304.53680799528803,722.0784,101.6268411179675,605.97952,1484.6093202624581,
2017-08-28 04:15:00,97.41257202013638,151.49488,109.76072493341245,308.65312,313.69466591479096,724.91008,100.59747547656588,608.8112,1496.1076391400074,2058.6313600000003
2017-08-28 04:30:00,97.66638834728752,151.49488,111.48711618956344,314.31647999999996,328.1492341742835,736.2368,99.3997755565261,622.9696,1525.9509451284375,
2017-08-28 04:45:00,99.88191252873344,153.193888,111.69156285129641,319.97984,343.2585244163036,730.57344,108.00106156381703,639.9596799999998,1572.4389694021163,
2017-08-28 05:00:00,100.96532261688908,153.760224,113.6953572700889,319.97984,358.62420452535804,747.56352,124.12159536551734,665.4448,1630.5589036609956,
2017-08-28 05:15:00,97.41133853622256,155.176064,114.05058327930954,319.97984,372.7924465350596,744.73184,132.20336771647317,665.4448,1678.027807980953,
2017-08-28 05:30:00,96.80884427137464,155.45923200000001,112.64629162688536,322.81152000000003,384.2072846777234,739.06848,136.44159709639848,673.93984,1713.8577120500308,
2017-08-28 05:45:00,100.82237599861953,156.308736,113.21424470587374,325.6432,391.13432001768876,730.57344,139.8733823530679,690.92992,1735.5428238119753,
2017-08-28 06:00:00,101.23842194621209,156.308736,116.64877766690414,322.81152000000003,395.7402302270652,744.73184,144.12500634613392,696.5932799999998,1748.341043067148,
2017-08-28 06:15:00,101.09986241388104,156.591904,123.30489637844305,322.81152000000003,398.7943659713752,722.0784,150.15967310844525,705.0883200000001,1755.9141548099406,2406.928
2017-08-28 06:30:00,100.74470571742462,157.15823999999998,132.07939999251346,319.97984,400.8538785536407,747.56352,158.5711153042192,696.5932799999998,1761.3280897017294,
2017-08-28 06:45:00,100.27375403012587,157.15823999999998,140.9046192551215,319.97984,402.4822761009048,727.74176,169.8113239406244,696.5932799999998,1766.0770213714102,
2017-08-28 07:00:00,99.57813874259872,156.875072,149.00524359855908,317.14816,403.87780202685985,730.57344,183.80841639050826,690.92992,1770.2520000961501,
2017-08-28 07:15:00,98.57447734489378,156.591904,156.39181722546553,314.31647999999996,404.8982364206094,727.74176,198.9721036518164,685.2665599999999,1773.477749040027,
2017-08-28 07:30:00,97.39132217142709,157.15823999999998,161.91071695784248,314.31647999999996,405.689335198112,710.75168,213.70732769213976,693.7616,1775.5005053033588,
2017-08-28 07:45:00,96.2688565328197,157.15823999999998,165.22534279853355,308.65312,406.4370264577946,739.06848,227.77659507429956,673.93984,1775.8982636482397,
2017-08-28 08:00:00,95.1504188601194,156.875072,166.31069541273877,305.82144,407.1361921404837,730.57344,240.0376126821506,685.2665599999999,1774.6196659752372,
2017-08-28 08:15:00,94.03893793267103,156.591904,164.90673431888712,302.98976,407.66783037635213,719.24672,250.67205618048115,679.6032,1771.8142515917457,2809.0265600000002
2017-08-28 08:30:00,93.01921406891093,155.7424,161.57916908621823,300.15808,408.0350663827517,710.75168,259.4722583499765,671.10816,1767.6479593186718,
2017-08-28 08:45:00,91.90992040439365,155.45923200000001,157.15201887788965,294.49472000000003,408.22407476640785,713.58336,266.38338581648185,665.4448,1762.1889872758657,
2017-08-28 09:00:00,90.90994665108948,154.609728,151.98068802937988,291.66303999999997,408.21577846038474,702.2566400000001,270.71741864310764,659.7814400000001,1755.5033344423746,
2017-08-28 09:15:00,90.12484496027552,154.892896,146.08308898152188,285.99967999999996,407.99493851005195,696.5932799999998,272.70097484675875,645.6230400000001,1747.4996922514895,
2017-08-28 09:30:00,89.42435249715221,153.760224,139.7137617627997,282.318496,407.54969571518006,688.09824,273.5203860036753,642.7913599999998,1738.395479315645,
2017-08-28 09:45:00,88.91263718853165,153.760224,132.33921418958326,278.354144,406.87346581248244,699.4249599999998,273.0986556927782,637.128,1728.6040026770318,
2017-08-28 10:00:00,88.45947051430905,152.627552,125.21183638874724,273.823456,405.9652889287507,690.92992,272.00994534391674,622.9696,1718.0405193195725,
2017-08-28 10:15:00,88.03320950468654,152.34438400000002,118.47129354431117,269.575936,404.83948178089224,705.0883200000001,271.0790508933401,611.64288,1706.5597015032827,3284.7488
2017-08-28 10:30:00,87.56507666381525,151.49488,112.31300317966627,264.195744,403.5101365833444,682.43488,270.16171383607775,603.1478400000001,1694.4612819948534,
2017-08-28 10:45:00,87.24331574395514,151.49488,106.5246536266535,259.94822400000004,401.9974857711577,682.43488,269.09874519729425,603.1478400000001,1681.8585256674064,
2017-08-28 11:00:00,87.00362318513564,150.07904,100.99715261449505,254.568032,400.59670928175046,679.6032,267.88840599026764,586.1577599999998,1668.8911407689,
2017-08-28 11:15:00,86.59841925126608,149.22953600000002,95.8163692565318,249.18784,399.10600458435897,676.77152,266.4460606115599,580.4944,1655.675294899801,
2017-08-28 11:30:00,86.08472111391703,148.09686399999998,90.93554876167046,243.807648,397.54625820507556,673.93984,264.7742626432583,574.83104,1641.9751068648966,
2017-08-28 11:45:00,85.54463274546923,147.813696,86.34698131374408,239.27696,395.8850691317882,662.61312,262.8152419100387,563.50432,1628.245012938697,
2017-08-28 12:00:00,85.08615798070053,146.964192,81.91157912116695,233.896768,394.02359340793026,662.61312,260.5541597516637,546.5142400000001,1614.5401875651764,
2017-08-28 12:15:00,84.67473547668372,146.114688,77.79962190039213,228.799744,392.0032054270219,654.11808,257.9344729358875,535.1875200000001,1600.8374714909137,3511.2832
2017-08-28 12:30:00,84.48132877570826,145.548352,73.97900431340184,223.985888,389.82563199121836,645.6230400000001,255.04669148451987,532.3558400000001,1587.0925774883522,
2017-08-28 12:45:00,84.10602676993602,144.41568,70.32730727966086,218.605696,387.672788763445,648.4547200000001,252.04459166412485,526.6924799999999,1573.590347603221,
2017-08-28 13:00:00,83.61610013111753,144.41568,66.81626772195582,214.641344,385.5207185373671,654.11808,248.6101123535666,521.02912,1560.5920363384437,
2017-08-28 13:15:00,82.96680613925183,144.41568,63.64881839044012,210.96016,387.05298982402525,645.6230400000001,245.04528721892916,506.87072,1547.576190443652,
2017-08-28 13:30:00,83.09288593910802,143.283008,60.51201641172869,211.526496,391.75543234640406,642.7913599999998,241.0970331520408,495.54400000000004,1534.570583941646,
2017-08-28 13:45:00,83.42486440046576,142.716672,57.45732619182373,208.97798400000002,394.1785016283082,639.9596799999998,236.85228210004564,489.88064,1522.1320585519861,
2017-08-28 14:00:00,83.87664309147522,142.433504,54.65045479655377,208.411648,395.4774139868306,639.9596799999998,232.7564542086532,478.55392,1510.4878726994086,
2017-08-28 14:15:00,85.01906862360461,141.867168,52.129933362279736,205.2968,396.052200330548,631.46464,228.84030001582195,470.05888,1500.4929477661271,3624.5504
2017-08-28 14:30:00,86.03898942962432,141.017664,49.90242989200379,202.748288,395.7715488350796,631.46464,224.71073803333567,478.55392,1491.4737163693603,
2017-08-28 14:45:00,87.08983452394672,140.451328,47.642750148306455,201.04928,394.7101234507373,631.46464,220.26117298503308,464.39552000000003,1482.0408577268313,
2017-08-28 15:00:00,88.06585643703059,140.16816,45.15921895877114,199.067104,392.96161229463814,620.13792,216.04025185586644,455.90047999999996,1472.452514636092,
2017-08-28 15:15:00,88.44343513446886,139.88499199999998,42.95173314059829,196.80176,390.7894929852147,614.47456,211.99823838269253,438.9104,1464.5858327912974,
2017-08-28 15:30:00,88.56266669146692,139.88499199999998,41.07591247246261,194.81958400000002,388.3033381225014,614.47456,208.09795971525472,430.41535999999996,1458.380416743111,
2017-08-28 15:45:00,88.8906413552119,139.601824,39.3825176485919,191.98790400000001,386.1200747498465,600.31616,204.86457601381238,424.75199999999995,1452.1930922259899,
2017-08-28 16:00:00,89.13543908342474,139.601824,37.71126077168077,190.005728,383.92045818416824,594.6528,201.3343125248984,419.08864,1446.7029929191601,
2017-08-28 16:15:00,89.36241294130875,139.318656,36.11910085019315,188.30672,381.8836577425947,591.8211200000001,197.20134542738796,410.5936,1442.6346649909485,3596.2336
2017-08-28 16:30:00,89.65253952355924,139.88499199999998,34.68358652893433,188.87305600000002,379.9629701907851,591.8211200000001,193.41799600974517,407.76192000000003,1440.1525205226253,
2017-08-28 16:45:00,89.8723620756197,139.318656,34.03391136790361,189.439392,378.6363140243348,583.3260799999999,189.80274000705938,404.93024,1442.8894255929808,
2017-08-28 17:00:00,89.96393590087794,139.88499199999998,34.25430566284011,189.439392,379.15375216462155,577.66272,186.28457413838294,396.4352,1450.5647642838958,
2017-08-28 17:15:00,89.8792680391196,139.035488,34.67399531119892,190.288896,379.73352210946325,574.83104,183.01310499448834,390.77184,1459.838913969741,
2017-08-28 17:30:00,89.73452849122162,139.318656,34.844430424681846,190.288896,379.16495365301824,563.50432,179.91704790105553,385.10848,1469.844914922781,
2017-08-28 17:45:00,89.33880099596686,139.318656,35.153010588285866,190.855232,378.4913695412601,569.16768,177.24976007307308,376.61344,1478.4788976842592,
2017-08-28 18:00:00,88.97727842177689,138.18598400000002,35.58731843608147,191.1384,377.82260804251587,563.50432,174.68985791766863,373.78176,1487.3561446003507,
2017-08-28 18:15:00,88.85549441309747,138.469152,35.764554580629074,190.288896,376.4076240821783,552.1776,172.4840683535614,365.28672,1496.499239511599,3539.6
2017-08-28 18:30:00,88.68822664466897,138.469152,35.5001686203882,190.288896,374.4149193509652,552.1776,170.25879964934245,365.28672,1504.9030486792024,
2017-08-28 18:45:00,88.41176826275019,137.053312,35.11538375924281,188.589888,371.9730029080978,538.0192,167.30819337137743,359.62336,1513.882570711978,
2017-08-28 19:00:00,88.00746489354354,136.770144,34.83038919918577,187.174048,368.9106919221357,,164.46060770203334,353.96,1523.1783738441593,
2017-08-28 19:15:00,87.41426534068587,136.486976,34.59188541272897,184.625536,365.264151956335,518.19744,161.71935835261695,353.96,1534.5650604899338,
2017-08-28 19:30:00,86.76592502627307,136.486976,34.331661742095044,182.360192,361.34064791162797,518.19744,158.8934900279182,348.29664,1547.1514347194543,
2017-08-28 19:45:00,86.25676112459941,136.486976,34.278237741229034,181.22752,357.78758245380254,512.53408,156.51769793363363,336.96992,1559.6119227000459,
2017-08-28 20:00:00,86.03006373213783,136.203808,34.66899495960347,181.793856,354.3530881201485,506.87072,154.06231448389076,336.96992,1572.7911621722676,
2017-08-28 20:15:00,85.25529780224805,135.92064,35.70567967315453,181.510688,350.57346649825746,506.87072,151.25437584013784,334.13824,1589.8337246866563,3454.6496
2017-08-28 20:30:00,84.72214308912532,137.053312,37.57805218034516,181.793856,347.11985927435586,501.20735999999994,148.65607390077415,328.47488,1608.8172302185624,
2017-08-28 20:45:00,84.86287179660458,137.053312,40.103594072937504,183.492864,345.96096984765535,498.37568,147.55212696765594,328.47488,1627.1994992190419,
2017-08-28 21:00:00,85.47158356080395,137.619648,42.89367401269685,185.758208,345.1464315923694,489.88064,146.35977076353305,328.47488,1648.0097583922893,
2017-08-28 21:15:00,86.55659007879935,137.619648,45.640528393285784,189.439392,343.32972808180205,489.88064,145.02665002173262,328.47488,1670.9748696497866,
2017-08-28 21:30:00,87.98112371264212,137.902816,48.35623506029885,192.837408,342.38433834656513,487.04896,143.9395023935328,331.30656,1694.1803285707344,
2017-08-28 21:45:00,88.7956287299274,137.619648,51.18874377561468,196.235424,342.68488510222767,487.04896,143.2970278828869,334.13824,1715.975831044879,
2017-08-28 22:00:00,90.25507049801725,138.18598400000002,54.2664099498646,201.04928,343.4377188236817,481.3856,142.59451588133305,334.13824,1735.9097202923274,
2017-08-28 22:15:00,93.00024786775784,138.18598400000002,57.40108864943669,205.2968,343.9742729357715,481.3856,140.64346147738098,331.30656,1752.8644264907778,3369.6992
2017-08-28 22:30:00,95.3270262176128,138.469152,60.41379508421503,207.562144,344.6881244790331,478.55392,139.59023838213847,334.13824,1768.5717837491832,
2017-08-28 22:45:00,97.58386139642397,137.902816,62.23623109406569,208.694816,344.70953175884233,472.89055999999994,139.08916884376288,331.30656,1785.0401149078143,
2017-08-28 23:00:00,98.96698310539905,138.18598400000002,62.72810499768764,209.261152,344.36333067144693,467.2272,138.6472647027658,334.13824,1800.6804479999705,
2017-08-28 23:15:00,99.20366858281513,137.902816,63.05448912149022,209.827488,345.9061477947774,472.89055999999994,138.58151993974255,331.30656,1813.9972534397566,
2017-08-28 23:30:00,98.77920313695259,137.33648,63.768989328047184,209.54432,348.386030817771,464.39552000000003,139.23102230508,328.47488,1824.7666323167398,
2017-08-28 23:45:00,97.98536076361395,137.33648,65.66214802624972,210.39382400000002,349.32412036964416,458.73215999999996,140.89040741465814,331.30656,1833.9959499781728,
2017-08-29 00:00:00,97.23215964040052,137.902816,68.80833848260232,211.80966400000003,349.7582313144805,,142.90069794580455,331.30656,1841.4199136561012,
2017-08-29 00:15:00,96.59090284423388,137.619648,72.2474145338711,212.65916800000002,350.2342878683554,461.56384,144.65195140899732,328.47488,1845.364967107574,3284.7488
2017-08-29 00:30:00,96.04386885269307,137.619648,75.17240670503571,212.65916800000002,350.94412394039165,455.90047999999996,146.3952074659073,328.47488,1847.6144880682218,
2017-08-29 00:45:00,95.68042393677283,137.33648,77.33619240675671,212.942336,351.3833720428328,453.0688,148.0103372330881,325.6432,1849.739889430239,
2017-08-29 01:00:00,95.41200492958896,137.053312,78.6667246219469,211.80966400000003,351.7862997145765,444.57375999999994,149.46531690891115,325.6432,1851.0911613736696,
2017-08-29 01:15:00,95.02708109263611,137.053312,79.26692135508424,209.827488,352.5169772700494,444.57375999999994,150.62522380114257,322.81152000000003,1852.4881799665282,
2017-08-29 01:30:00,94.9059257602026,136.486976,79.25278951716626,207.845312,353.3261224935559,444.57375999999994,151.60970267738895,322.81152000000003,1854.430664468002,
2017-08-29 01:45:00,94.93686149655055,136.203808,79.08862339164239,206.14630400000001,354.73118960261144,441.74208,152.86410476457124,322.81152000000003,1857.755121115192,
2017-08-29 02:00:00,95.10729765270116,136.203808,78.90354158281032,204.164128,356.507990789396,444.57375999999994,153.86597085798746,322.81152000000003,1861.5654773086865,
2017-08-29 02:15:00,94.7033615452572,136.203808,78.80251837304725,202.748288,357.74208889186,444.57375999999994,154.81565713397364,319.97984,1870.9755169220387,3199.7984
2017-08-29 02:30:00,94.7019721724051,135.92064,78.73945301113979,200.76611200000002,358.57412080948467,441.74208,155.7419037623478,319.97984,1883.3566100755836,
2017-08-29 02:45:00,95.26841446305599,135.92064,78.8815734851091,199.067104,358.9468916839111,436.07872000000003,156.2631774786084,317.14816,1890.2704595718942,
2017-08-29 03:00:00,95.03403551212865,135.35430399999998,79.24341153196666,196.518592,359.1992722964898,438.9104,156.97732575779364,317.14816,1895.2368623868556,
2017-08-29 03:15:00,94.5520083771963,134.787968,78.75753203112664,193.403744,359.2545927705802,430.41535999999996,157.7524169718354,314.31647999999996,1898.2901869000896,
2017-08-29 03:30:00,94.14972747280227,134.787968,77.13270941056503,190.005728,359.0119107283652,424.75199999999995,158.65704746386578,314.31647999999996,1899.557985316273,
2017-08-29 03:45:00,93.93482250581017,134.5048,75.00131533244185,186.041376,359.51950353602183,419.08864,159.849381238135,311.4848,1900.522615437661,
2017-08-29 04:00:00,93.64643237601177,133.655296,72.82759393373001,182.360192,360.36834812178444,419.08864,160.97251367854508,308.65312,1900.7341757763684,
2017-08-29 04:15:00,92.97882139157498,132.805792,70.87828906338119,178.39584,360.7845538904244,410.5936,162.0121888394483,308.65312,1902.8893628670025,3114.848
2017-08-29 04:30:00,92.57890867631185,132.805792,69.22350483706047,174.71465600000002,361.1687099854779,416.25696,162.88599124273614,305.82144,1906.4139165293795,
2017-08-29 04:45:00,92.6531411851473,132.23945600000002,67.91682582453296,171.599808,362.0094925333524,407.76192000000003,164.1748688669493,302.98976,1907.8434672026501,
2017-08-29 05:00:00,92.69574695167098,132.23945600000002,66.90242581870457,169.334464,362.97805469930773,399.26687999999996,165.36953886797963,300.15808,1909.7599390172002,
2017-08-29 05:15:00,92.60155305939887,131.389952,66.54225301357931,167.06912,363.8550815347991,390.77184,166.45779907083588,300.15808,1911.7306976823684,
2017-08-29 05:30:00,92.60827092072284,131.389952,66.92363323919022,165.65328,364.70537874491026,390.77184,167.43422870874443,300.15808,1913.4259538118793,
2017-08-29 05:45:00,92.73289888436824,130.25728,67.25946597503122,164.803776,365.39889619574956,387.94016,167.98242030473284,294.49472000000003,1915.0382029124728,
2017-08-29 06:00:00,92.90846025463046,129.690944,67.07832736440623,163.671104,365.8929687519971,387.94016,168.71853662641672,294.49472000000003,1916.1339599640244,
2017-08-29 06:15:00,93.04791302196517,129.690944,66.7239314019914,162.8216,366.11283918030773,382.2768,169.72308519675747,294.49472000000003,1916.6946732757995,3029.8976
2017-08-29 06:30:00,93.03139304434089,128.84143999999998,66.40392316867398,162.538432,366.1528508587926,379.44512000000003,170.6526297997404,291.66303999999997,1917.2860742623413,
2017-08-29 06:45:00,92.9069739673036,128.84143999999998,66.39451429978276,162.538432,365.8991505930084,373.78176,171.4934209616407,291.66303999999997,1919.79150105331,
2017-08-29 07:00:00,92.65434056875952,128.558272,66.79413801142482,163.387936,365.6790159075881,368.1184,172.27418066904104,291.66303999999997,1923.7040471266587,
2017-08-29 07:15:00,92.47627743837644,127.4256,66.64179607213421,163.954272,366.2185218122279,368.1184,172.79948306372893,291.66303999999997,1930.5986579426392,
2017-08-29 07:30:00,92.42618325555945,126.576096,65.8013993444573,168.768128,367.0377693138931,362.45504,173.4217084384156,291.66303999999997,1940.0854695825442,
2017-08-29 07:45:00,92.56609516186411,126.576096,66.881310659606,174.14831999999996,367.4433151988318,365.28672,174.6937992394886,291.66303999999997,1950.0639932385861,
2017-08-29 08:00:00,92.69124502129155,125.443424,70.39495313504904,177.82950400000001,367.81787347821705,362.45504,175.89965016650407,291.66303999999997,1960.100504104319,
2017-08-29 08:15:00,92.7685753643772,125.160256,72.58543294108793,179.245344,368.13538342520985,356.79168,176.43543133389494,288.83136,1969.4651003759604,2888.3136
2017-08-29 08:30:00,92.66610082985375,124.027584,71.98493210552229,178.679008,368.6235644915299,356.79168,177.02215679396724,288.83136,1977.5544229953127,
2017-08-29 08:45:00,92.14201074763749,124.027584,70.35154798002144,177.546336,370.1337457024581,356.79168,178.02471605366597,285.99967999999996,1983.772308944783,
2017-08-29 09:00:00,91.99566368572688,123.74441599999999,68.7188657314903,175.847328,372.0324693865911,353.96,179.3407661635952,288.83136,1988.580732922039,
2017-08-29 09:15:00,91.76743145412125,123.17808000000001,67.43987054884973,173.581984,374.3145444218258,353.96,180.87048372911494,285.99967999999996,1995.2673780811417,
2017-08-29 09:30:00,91.42208658465255,122.894912,66.50945088048496,171.31663999999998,377.09028802898285,353.96,182.47520720499185,285.99967999999996,2001.7870212807445,
2017-08-29 09:45:00,91.54185558978973,121.76224,66.03341292681074,169.051296,379.5218003404207,351.12832000000003,185.22719732604466,285.99967999999996,2007.8114909245953,
2017-08-29 10:00:00,91.5586917134339,122.04540800000001,66.06249988493144,166.219616,381.5195928672709,351.12832000000003,188.1737397127325,288.83136,2014.7109188376678,
2017-08-29 10:15:00,91.69618467809616,121.479072,66.06440136279068,163.387936,382.77229079169405,348.29664,190.1124668184744,283.168,2020.4921399416594,2777.87808
2017-08-29 10:30:00,91.83293498354598,120.629568,65.71118488828934,160.55625600000002,383.63325559163894,345.46496,192.19604324416716,283.168,2024.9141471973958,
2017-08-29 10:45:00,91.9180895089026,120.06323200000001,65.08006770504356,157.15823999999998,384.6787629604947,345.46496,194.3149002226206,283.168,2029.8991385226504,
2017-08-29 11:00:00,91.97938851996791,119.780064,64.21584872352308,153.477056,385.7349768688028,339.8016,196.3078692604681,283.168,2034.5167736675905,
2017-08-29 11:15:00,92.01883624269345,119.780064,63.12949321296878,150.362208,386.2947091981449,342.63327999999996,198.6614040151218,283.168,2035.0082869890819,
2017-08-29 11:30:00,92.15763101671938,118.647392,61.858449807470365,146.681024,386.550219291506,336.96992,200.950237541476,283.168,2033.862545930009,
2017-08-29 11:45:00,92.28747006174483,117.79788799999999,60.49895436721203,142.99983999999998,386.74481882799233,339.8016,202.51629972688872,281.468992,2031.3838235353915,
2017-08-29 12:00:00,92.18907908325824,117.23155200000001,59.05843224625344,139.601824,386.76472504291576,336.96992,204.20457492371372,281.468992,2027.5859528661674,
2017-08-29 12:15:00,92.06865984413729,116.66521599999999,57.60574301052404,135.92064,386.1716574687744,331.30656,205.68036584522486,280.33632,2022.322762414675,2670.27424
2017-08-29 12:30:00,91.76880017516886,115.532544,56.15108861327609,132.23945600000002,385.15038602310244,328.47488,207.10286248395417,280.33632,2015.9256542320702,
2017-08-29 12:45:00,91.37241032407411,115.249376,54.69590541884376,128.84143999999998,383.73718491568866,331.30656,208.36547212724162,278.354144,2008.922657541589,
2017-08-29 13:00:00,90.77667502611587,114.399872,53.23077676769921,125.726592,382.0274480314585,325.6432,209.4831757945903,278.354144,2001.2881606185158,
2017-08-29 13:15:00,90.07059986893817,113.83353600000001,51.711120220536046,122.328576,380.2001732814524,322.81152000000003,210.67850570542876,276.37196800000004,1996.1091780767829,
2017-08-29 13:30:00,89.35757784069644,113.2672,50.125757566061544,118.93056000000001,378.1011382573629,322.81152000000003,211.54901880704685,275.239296,1992.4773208795186,
2017-08-29 13:45:00,88.4381951642412,113.2672,48.66921643889209,115.815712,375.67638121230493,317.14816,212.08332186194866,274.389792,1988.5975633166063,
2017-08-29 14:00:00,87.70475559288471,111.285024,47.3409175482916,112.98403200000001,372.995988902511,311.4848,212.48123565104308,271.558112,1985.7472354934696,
2017-08-29 14:15:00,87.22440258968466,110.43552,45.95241074217147,109.869184,370.0291303337229,311.4848,212.43944649455221,271.558112,1981.2401168186154,2596.65056
2017-08-29 14:30:00,86.87174957572151,109.869184,44.35276457208767,107.037504,366.82431653271027,300.15808,212.1758141100453,269.575936,1975.291439427305,
2017-08-29 14:45:00,86.63052618507135,109.302848,42.62574589297216,103.922656,363.64062189572894,,211.99367456646934,267.59376000000003,1968.959159365722,
2017-08-29 15:00:00,86.39628192493753,108.170176,40.87343292613103,101.090976,360.3110003339001,,211.4806897074421,267.59376000000003,1961.9808225891863,
2017-08-29 15:15:00,86.1183741582713,107.60383999999999,39.21282381038278,98.825632,356.57847152901496,,211.38082026530105,266.744256,1954.2454136725462,
2017-08-29 15:30:00,85.76833150928623,107.037504,37.63574619140503,96.27712,352.59269623935967,278.637312,210.98799107350763,265.611584,1946.5814990137103,
2017-08-29 15:45:00,85.07506485255169,106.471168,36.129445791409594,94.011776,348.7356934759194,280.053152,209.3770623904185,263.912576,1938.5076663741079,
2017-08-29 16:00:00,84.57340287034295,105.621664,34.69827770048481,92.879104,344.86098744192503,275.522464,207.74726287225542,263.912576,1930.0728840519866,
2017-08-29 16:15:00,84.50821140626549,104.77216,34.815705694167846,92.312768,340.4830650212579,274.389792,205.9704682599689,261.080896,1921.3959487769102,2463.5616
2017-08-29 16:30:00,84.3278585400373,104.205824,36.68059246798665,92.595936,335.9605710768403,274.106624,204.0210589085996,259.09872,1912.477903733153,
2017-08-29 16:45:00,84.25988115245784,103.35632,39.40145357418214,93.44544,331.4164309020078,273.25712000000004,202.028538773326,258.249216,1903.2297213633426,
2017-08-29 17:00:00,84.33526075645213,102.78998399999999,41.072260868398786,94.011776,326.75575248517504,272.407616,199.90954619465978,256.26704,1893.659739568076,
2017-08-29 17:15:00,84.52032313116882,102.223648,40.828245919708706,94.294944,322.0972525048586,271.84128,197.6075415312075,254.568032,1883.7601788968193,
2017-08-29 17:30:00,85.06678886932274,101.374144,39.288128026975535,94.011776,317.7226466358839,273.25712000000004,195.36504989356416,252.585856,1873.459283322536,
2017-08-29 17:45:00,86.3662475032201,100.241472,37.316306181452056,93.728608,313.7913219586352,269.575936,193.05728643679322,250.886848,1862.9308788259727,
2017-08-29 18:00:00,88.2002081426305,99.391968,35.295770765669744,93.162272,310.6434928580698,270.14227200000005,190.67560433055425,249.18784,1852.3724063868035,
2017-08-29 18:15:00,90.16203416468667,97.976128,33.45759798984794,91.463264,307.7613779197936,266.744256,188.29112276259102,248.055168,1841.4834456278538,2330.47264
2017-08-29 18:30:00,91.50024319900102,97.126624,31.771925959404033,90.61376,305.0928325023258,263.06307200000003,185.9546850502053,244.657152,1830.2880423540282,
2017-08-29 18:45:00,92.12301949321537,95.71078399999999,30.197713223509783,89.19792,302.45750604920926,263.629408,183.6151165166245,241.259136,1818.889405378937,
2017-08-29 19:00:00,92.14702781184657,94.294944,28.755909139613284,88.065248,299.83581217379225,260.51456,181.29264582670424,238.427456,1807.3042193861781,
2017-08-29 19:15:00,91.75575106380045,92.879104,27.447977957222804,86.36624,297.0621778316713,259.381888,179.0116853809411,235.02944,1795.4057159493805,
2017-08-29 19:30:00,91.1366709418918,91.746432,26.250448665866628,84.9504,294.02495398649296,256.833376,176.6930637218012,232.19776000000002,1783.3603646411746,
2017-08-29 19:45:00,90.48027457412526,90.61376,25.185606076842763,82.96822399999998,290.83835437077096,254.8512,174.3021915425273,231.631424,1771.3859436634427,
2017-08-29 20:00:00,89.96298724137898,89.19792,24.318875097717335,81.269216,287.48081549711134,253.718528,171.88617692413078,229.08291200000002,1759.690262406073,
2017-08-29 20:15:00,89.5614307457991,87.78208000000001,23.589301751837013,79.570208,283.8618723045725,250.886848,169.49700975527384,226.81756800000002,1747.9418067946829,2197.38368
2017-08-29 20:30:00,89.21166370085238,86.36624,22.970852951745517,77.8712,279.88349752597975,249.18784,167.07406771442126,225.96806400000003,1736.028359291092,
2017-08-29 20:45:00,88.9357762307007,85.516736,22.459619457320425,76.17219200000001,275.68066753639084,247.205664,164.8002475100434,222.28687999999997,1724.0445288599967,
2017-08-29 21:00:00,88.75631476409357,84.10089599999999,22.063490948881405,74.190016,271.2240690474361,244.94032,162.47945237871355,220.58787200000003,1712.0446547323306,
2017-08-29 21:15:00,88.59376289803888,82.96822399999998,21.686464746639693,72.774176,267.3244481774981,242.674976,160.04274683708047,218.03936000000002,1700.251863707961,
2017-08-29 21:30:00,88.44288913187242,81.83555199999998,21.281279171537197,70.792,263.3852845785506,239.560128,157.6477314833242,216.05718399999998,1688.5711689462705,
2017-08-29 21:45:00,88.3311362009232,80.419712,20.869765838057763,69.37616,258.8797700415064,237.577952,155.19470186941177,214.075008,1677.4291778443676,
2017-08-29 22:00:00,88.15902510803485,79.28704,20.453664874728577,67.96032,254.2451414771809,233.6136,152.78799212916064,210.96016,1666.871312578248,
2017-08-29 22:15:00,87.91331906104584,77.8712,20.016507390297157,66.261312,249.467371819513,231.065088,150.32413709368802,208.411648,1656.5589199453914,2038.8096
2017-08-29 22:30:00,87.69405890636338,76.45536,19.58689647364275,64.845472,244.56788876400086,228.233408,147.94393826543396,206.14630400000001,1646.5636464258084,
2017-08-29 22:45:00,87.35094021005314,75.322688,19.122564984512692,63.429632,239.6063178753914,225.684896,145.55229676213168,203.597792,1636.8957333272297,
2017-08-29 23:00:00,86.89392681110951,74.190016,18.619772280006348,62.013792,234.58615948625734,222.28687999999997,143.18518910383315,202.181952,1627.5004229513142,
2017-08-29 23:15:00,86.29594590534316,72.774176,18.05155494975529,60.597952,229.61109368313996,219.17203199999997,140.82534454089915,198.783936,1618.5254116183323,
2017-08-29 23:30:00,85.72472100584477,71.641504,17.406120131195536,59.46528000000001,224.63283888496144,216.340352,137.91917766256736,195.952256,1609.7629242912951,
2017-08-29 23:45:00,85.18877856122197,70.225664,16.70008874617183,58.049440000000004,219.53239710978855,212.942336,134.67311410852878,193.97008,1601.0842522588966,
2017-08-30 00:00:00,84.67560679316917,69.09299200000001,15.896996222960933,56.916768000000005,214.61444188769505,209.827488,131.51170611091985,190.288896,1592.483019566181,
2017-08-30 00:15:00,84.1229564715828,68.243488,15.136570486717345,55.784096,209.91478081526972,206.429472,128.45729165559854,188.023552,1583.8410344599713,1917.0473600000003
2017-08-30 00:30:00,83.56080820354644,67.110816,14.448674903396862,54.368256,204.91913140718884,203.031456,125.55068824003779,185.47503999999998,1575.3449471197737,
2017-08-30 00:45:00,82.9333117882869,65.694976,13.778219923874548,53.235584,200.07880650472998,200.199776,122.76655245277328,181.793856,1566.8995101016644,
2017-08-30 01:00:00,82.24263162795997,64.845472,13.140031811553802,52.102912,195.32809162824856,196.80176,119.8624282131133,178.679008,1558.370575344664,
2017-08-30 01:15:00,81.42716357048022,63.7128,12.54688380016459,50.970240000000004,190.45766644169828,193.686912,117.07345865693831,176.130496,1549.7575720400584,
2017-08-30 01:30:00,80.56560651467633,62.29696,12.012765186598187,49.837568,185.59045928236432,190.855232,114.51593814880114,173.298816,1541.0704144234644,
2017-08-30 01:45:00,79.69553129118314,61.164288,11.503325338386635,48.704896000000005,180.68843820674843,187.457216,112.19275874379831,170.750304,1532.2432177840085,
2017-08-30 02:00:00,78.76240265300308,60.03161600000001,11.014106293727183,47.572224,175.84506590379428,184.908704,110.18010266116043,167.352288,1523.1891386252278,
2017-08-30 02:15:00,77.70639495863846,59.182112,10.559218073447566,46.72272,170.87451537417948,181.510688,108.1873140886478,164.803776,1513.9211012021292,1741.4832
2017-08-30 02:30:00,76.58668891047921,58.049440000000004,10.133791215047768,45.023712,165.81159499344662,178.39584,106.04137435447095,161.688928,1504.5354527808095,
2017-08-30 02:45:00,75.41752809791795,57.199936,9.773685730210675,44.174208,160.6091466804528,175.280992,103.73195555168152,158.29091200000002,1495.0866484999394,
2017-08-30 03:00:00,74.08602453581932,56.067264,9.527797835368638,43.041536,155.58193879323844,171.882976,101.34404107192987,156.308736,1485.5503274648825,
2017-08-30 03:15:00,72.64741910712499,54.934592,9.320825510615775,42.192032,150.60476603576853,169.051296,99.15847448552175,154.609728,1475.927860372348,
2017-08-30 03:30:00,71.08180742386611,54.085088,9.107892015606918,41.05936,145.8124421145378,166.219616,96.97135467554084,152.34438400000002,1466.1336953066636,
2017-08-30 03:45:00,69.36001472505141,52.95241600000001,8.907584846243259,40.493024,141.36398276419277,163.104768,94.82346300100163,150.362208,1456.1958122664641,
2017-08-30 04:00:00,67.62585993316071,51.819744,8.712283215750878,39.077184,137.19766992641647,160.55625600000002,92.82232151346723,148.380032,1446.1023250008552,
2017-08-30 04:15:00,65.89505896688937,50.687072,8.518885357580034,38.510847999999996,133.54408721872372,157.441408,90.8553199825727,146.39785600000002,1435.8130163488904,1645.2060800000002
2017-08-30 04:30:00,64.20305635407796,49.5544,8.326798605936897,37.378176,130.04108091625665,154.892896,88.91086472949333,144.13251200000002,1425.6000394114267,
2017-08-30 04:45:00,62.423660609342136,48.421728,8.136276029671748,36.811840000000004,126.83561632635654,152.061216,87.02868006816124,142.150336,1415.3332673270797,
2017-08-30 05:00:00,60.52583139804226,47.289056,7.933034297102869,35.962336,123.94345930214612,149.512704,85.06583644672064,140.451328,1405.0583776472063,
2017-08-30 05:15:00,58.53176861179395,46.439552,7.704642973499699,35.112832,121.05277576434246,146.964192,83.21613770893502,138.18598400000002,1394.784131167471,
2017-08-30 05:30:00,56.4475651856517,45.023712,7.47599528097242,34.546496000000005,117.81100343271575,144.13251200000002,81.49281301919099,135.637472,1384.5288850371978,
2017-08-30 05:45:00,54.49415604567141,43.891040000000004,7.248666326854158,33.413824,114.59613954515602,141.584,79.66350572927121,134.221632,1374.2459688981571,
2017-08-30 06:00:00,52.6458664932375,42.758368,7.03472520053101,33.130656,111.58028450483901,139.318656,77.95603221558243,131.956288,1363.9120853097234,
2017-08-30 06:15:00,50.6505910714147,41.625696000000005,6.834752804766539,32.281152,108.76173573930423,137.053312,76.35933454276262,129.690944,1353.738884016155,1512.11712
2017-08-30 06:30:00,48.58758995539025,40.493024,6.64635886710546,31.714816,106.1797823189245,133.93846399999998,74.86884145902532,127.708768,1343.3663858359546,
2017-08-30 06:45:00,46.41546579583133,39.360352,6.459158460422817,31.14848,103.8549034561584,131.67311999999998,73.44356583480211,125.160256,1332.8377970381284,
2017-08-30 07:00:00,44.151640802343515,37.944512,6.280713424654222,30.298976,101.45899823417052,129.124608,72.0943457191823,122.894912,1322.2608439628464,
2017-08-30 07:15:00,41.80829446740004,36.811840000000004,6.113059085810818,29.732640000000004,98.98725801220425,126.859264,70.73037502362726,120.629568,1311.5529682075571,
2017-08-30 07:30:00,39.601704519921256,35.679168,5.954614285059255,28.883136,96.49908602848986,124.31075200000001,69.39895508072156,118.93056000000001,1300.6928080714338,
2017-08-30 07:45:00,37.514714824670925,34.546496000000005,5.803948562337396,28.599968,93.98427448641343,121.76224,68.06004110888516,116.09888000000001,1289.6033577914154,
2017-08-30 08:00:00,35.47841759327408,33.413824,5.656626631590776,27.892048,91.43160366476279,119.496896,66.69703562013515,114.116704,1278.3364540662392,
2017-08-30 08:15:00,33.5850504858943,32.56432,5.514906045993115,27.155811199999995,88.92464827363953,116.948384,65.20693942032995,112.134528,1267.0329601919218,1390.35488
2017-08-30 08:30:00,31.767975157314382,31.431648,5.386869845210134,26.7027424,86.41276206906784,114.96620800000001,63.72596339176093,110.15235200000001,1255.7323773017033,
2017-08-30 08:45:00,29.877910504332302,30.015808000000003,5.263105652314875,25.8815552,83.92995104497443,112.417696,62.30253254563618,107.88700800000001,1244.405407171381,
2017-08-30 09:00:00,28.302991358840966,29.166303999999997,5.13613996450172,25.626704,81.4774308229102,109.869184,60.93543027605363,105.621664,1233.1335119966514,
2017-08-30 09:15:00,26.887217673548214,28.3168,4.993406537971271,25.0886848,79.09750973735913,107.88700800000001,59.65776678987176,103.639488,1222.0474077624058,
2017-08-30 09:30:00,25.573099879209487,27.354028800000002,4.853898215486018,24.5789824,76.68816495509058,105.338496,58.515640018066584,101.657312,1211.0173929619998,
2017-08-30 09:45:00,24.332664795264797,26.4478912,4.7189883904563406,23.9560128,74.36908718128919,103.07315200000001,57.43701468156479,98.825632,1200.1734835829006,
2017-08-30 10:00:00,23.089743340797646,25.6833376,4.58818812533487,23.6162112,72.16646322822594,100.807808,56.311453236697915,96.27712,1189.4071828927433,
2017-08-30 10:15:00,22.009357940722623,24.9471008,4.456092474905346,22.7667072,70.16215103737682,98.542464,55.12587297669463,93.44544,1178.5891947291739,1248.77088
2017-08-30 10:30:00,21.022367230305264,24.210864,4.299202781692608,22.511856,68.28951320118738,96.560288,53.84616948738314,91.463264,1167.6820670591321,
2017-08-30 10:45:00,20.09119468451031,23.4746272,4.1716632246874665,22.2003712,66.42714548744219,94.294944,52.54229393304989,88.91475200000001,1156.8052351697065,
2017-08-30 11:00:00,19.277538362534056,22.65344,4.0539857854700765,21.775619199999998,64.68138638191455,92.312768,51.11466667212065,86.649408,1146.0397069060718,
2017-08-30 11:15:00,18.543416029079243,22.087104,3.9436186681767436,21.4358176,63.08303602489156,90.33059200000001,49.75760304573426,84.667232,1135.34290012576,
2017-08-30 11:30:00,17.848692677491147,21.379184,3.8372798780008583,20.727897600000002,61.58576749243537,88.631584,48.375888876943435,82.685056,1124.6391086362444,
2017-08-30 11:45:00,17.115442997841182,20.8694816,3.734698194276672,20.473046399999998,60.153164575169946,86.649408,47.00562456028799,80.70288000000001,1113.978233912427,
2017-08-30 12:00:00,16.4502942179727,20.2748288,3.6353232106397617,20.161561600000002,58.76342414177712,84.667232,45.624368445840375,78.720704,1103.3806312655197,
2017-08-30 12:15:00,15.83763255683002,19.708492800000002,3.5377320956757115,19.7651264,57.38359715937608,82.96822399999998,44.301190408676995,76.738528,1092.869863681512,1141.16704
2017-08-30 12:30:00,15.261222340184823,19.2271072,3.4404193862279033,19.397008,55.95039246878993,81.269216,43.06351817962574,75.03952,1082.4291914665016,
2017-08-30 12:45:00,14.740954601050035,18.6607712,3.3452785132575964,18.858988800000002,54.50196545496109,79.570208,41.9709201090918,73.340512,1072.1696531890395,
2017-08-30 13:00:00,14.272721806144904,18.264336,3.252125825118617,18.6324544,53.03044469711295,77.8712,40.85031084673599,71.641504,1062.0149183771218,
2017-08-30 13:15:00,13.696989666948493,17.839584,3.162070836884525,18.179385600000003,51.55822800884695,76.17219200000001,39.71392489158035,69.94249599999999,1051.987595339839,
2017-08-30 13:30:00,13.12261146772651,17.4431488,3.074346974963286,17.782950399999997,50.11485641686389,74.75635199999998,38.49987237697895,68.243488,1042.1169199119338,
2017-08-30 13:45:00,12.597693988888658,17.103347199999998,2.98916027042876,17.3581984,48.69412198900617,73.057344,37.24838377274371,66.54448000000001,1032.264672922217,
2017-08-30 14:00:00,12.123717596735927,16.706912,2.9066699410899832,17.273248000000002,47.21788121223964,71.641504,36.16809013551822,65.12864,1022.2862661816308,
2017-08-30 14:15:00,11.695840614917637,16.367110399999998,2.8269781573478316,16.99008,45.76422069287486,70.225664,35.204500537315795,63.7128,1012.2472643257105,1039.22656
2017-08-30 14:30:00,11.30778532359801,16.0839424,2.7591456248724953,16.7635456,44.31560731581684,68.809824,34.410417603240035,62.29696,1001.9534038071796,
2017-08-30 14:45:00,10.952305213426172,15.829091199999999,2.7093407682603714,16.706912,42.95549839752809,67.393984,33.673845589431814,61.447456,991.4328829025009,
2017-08-30 15:00:00,10.624743216862276,15.517606400000002,2.661059319225619,16.1972096,41.638756615457325,66.261312,32.891610622071305,60.03161600000001,980.7500402124646,
2017-08-30 15:15:00,10.322350678798719,15.2627552,2.6144243937064617,16.0556256,40.376568401252754,65.12864,32.14950988602414,58.615776000000004,970.3114767895775,
2017-08-30 15:30:00,10.043248827081621,15.0645376,2.5695453126093057,15.857408,39.15882508919909,63.7128,31.459434455286488,57.483104000000004,960.1274544576398,
2017-08-30 15:45:00,9.785158092856689,14.8096864,2.5255930198750884,15.715824,37.943701324145785,62.29696,30.86153340533692,56.067264,949.8388788845681,
2017-08-30 16:00:00,9.537722328463811,14.6114688,2.4827940746868324,15.517606400000002,36.80401587207006,61.447456,30.233817733664036,54.934592,939.7066825815642,
2017-08-30 16:15:00,9.303894481619961,14.3849344,2.441216001259225,15.149488,35.702238678149186,60.03161600000001,29.566686309613175,53.801919999999996,929.6896729368344,937.2860800000001
2017-08-30 16:30:00,9.087807391568763,14.1017664,2.4006998371723465,15.376022400000002,34.61777517583646,58.89894399999999,28.962046100250397,52.95241600000001,919.6366300061727,
2017-08-30 16:45:00,8.881836513889644,14.016816,2.361132482960212,15.234438399999998,33.556082405568425,57.766272,28.37957951601435,51.536576000000004,909.6139477709153,
2017-08-30 17:00:00,8.6870423741501,13.790281599999998,2.3225907973433793,15.0362208,32.515051210368384,56.6336,27.79793579158401,50.403904,899.6577544464279,
2017-08-30 17:15:00,8.50510821620069,13.677014400000001,2.2849304765969736,14.7530528,31.536277144326533,55.784096,27.269975814979887,49.271232,889.7419335327398,
2017-08-30 17:30:00,8.334543890745143,13.422163199999998,2.2479160010686035,14.6114688,30.605555940918475,54.651424,26.80892516085769,48.13856,879.8650333009128,
2017-08-30 17:45:00,8.174819790946186,13.3372128,2.212019561306135,14.3566176,29.68406506426757,53.518752,26.399454899434815,47.005888,869.7243334304013,
2017-08-30 18:00:00,8.025010558653172,13.110678400000001,2.1504238810777196,14.3566176,28.760073640639032,52.669248,26.065153015521492,45.873216,859.3305030148252,
2017-08-30 18:15:00,7.883977787826714,13.025728,2.1161828923287334,14.073449599999998,27.820177713955072,51.536576000000004,25.85221938937796,44.740544,849.1369393434057,849.5039999999999
2017-08-30 18:30:00,7.7507327973550995,12.742560000000001,2.1010209913370876,14.215033600000002,26.878043186894146,50.687072,25.664228433315433,43.891040000000004,839.1499562875196,
2017-08-30 18:45:00,7.624382733844879,12.657609599999999,2.074675534349589,13.761964800000001,25.912980030697838,49.837568,25.459291494273128,42.758368,829.2893543029825,
2017-08-30 19:00:00,7.503661466717731,12.5160256,2.0444426900448756,13.422163199999998,24.956092567775226,48.988064,25.221077170382753,41.625696000000005,819.2892521145825,
2017-08-30 19:15:00,7.387747306055395,12.4027584,2.013492972666421,13.252262400000001,24.054059602610167,48.13856,24.99440922807152,40.493024,809.5484134215426,
2017-08-30 19:30:00,7.2766610459823005,12.2328576,1.9828117021735234,13.252262400000001,23.20535800031476,47.005888,24.727428138500247,39.64352,800.0566272467703,
2017-08-30 19:45:00,7.169896861486664,12.0912736,1.952664359947938,13.0540448,22.375928731843448,46.439552,24.45576833903355,38.794016,790.6803304950381,
2017-08-30 20:00:00,7.066281312917111,12.03464,1.9231643373729592,12.8558272,21.58328139019778,45.30688,24.05707242904682,37.661344,781.4782671694547,
2017-08-30 20:15:00,6.965663144731297,11.9213728,1.8943621318485377,12.431075199999999,20.816427458140904,44.457376000000004,23.57240559028937,36.811840000000004,772.8074631217127,764.5536
2017-08-30 20:30:00,6.8683189554277915,11.7797888,1.866176490561075,12.2894912,20.06772393271388,43.891040000000004,23.1174056898633,35.679168,764.4351810663535,
2017-08-30 20:45:00,6.773868445778133,11.6665216,1.83846754036395,12.3744416,19.339279962343028,43.324704,22.784684051898036,35.112832,756.3436445184668,
2017-08-30 21:00:00,6.681457437729667,11.5249376,1.8111054251460594,12.119590400000002,18.632513511868364,42.4752,22.624621009139048,34.263328,748.6162854399048,
2017-08-30 21:15:00,6.591580977258849,11.4399872,1.7841549152482659,11.751472,17.948023106061797,41.908864,22.72343826771696,33.130656,741.1027918332092,
2017-08-30 21:30:00,6.5040593919200855,11.32672,1.7576267586100596,11.864739199999999,17.288656621628213,41.05936,22.79474294460851,32.281152,733.9539842497447,
2017-08-30 21:45:00,6.418377432559447,11.185136,1.7314584402347772,11.5815712,16.68068791361037,40.493024,22.400237651207267,31.431648,726.8698201564188,
2017-08-30 22:00:00,6.334558333509985,11.1001856,1.7052965694079627,11.5815712,16.120018400262197,39.64352,21.882202948044448,30.582144,719.8551593429202,
2017-08-30 22:15:00,6.252018294244772,11.0152352,1.6791734837985917,11.4399872,15.664059115551634,39.077184,21.36578791105307,29.732640000000004,712.9280784592014,682.43488
2017-08-30 22:30:00,6.170506321301969,10.901968,1.654065887568965,11.2700864,15.303854681818299,38.794016,20.894636392274666,28.883136,706.0801973682754,
2017-08-30 22:45:00,6.090241357295279,10.901968,1.6293107754408767,11.1568192,14.976284850195633,38.22768,20.471935400847787,27.863731199999997,699.2979157931331,
2017-08-30 23:00:00,6.011219005771516,10.760384,1.6048544636742683,10.9869184,14.65938586578171,37.378176,20.059262161763865,27.070860800000002,692.5846217577799,
2017-08-30 23:15:00,5.93340783772594,10.7037504,1.580614366310004,10.9302848,14.351355164224858,37.095008,19.62915982679731,26.1364064,685.818193354745,
2017-08-30 23:30:00,5.856914824767346,10.6188,1.5567158466434616,10.8736512,14.040812273593902,36.528672,19.202207648083082,25.1736352,679.0968958218419,
2017-08-30 23:45:00,5.781774187278937,10.477216,1.5327429596879174,11.043552,13.73430139583871,35.962336,18.802918332157496,24.267497600000002,672.1504717420119,
2017-08-31 00:00:00,5.70800848950667,10.3922656,1.5090868004964706,10.7037504,13.435536377573895,35.396,18.377953126900838,23.644528,665.2005701222547,
